GeneID,bT2,bT3
Smp_000020,31.3460362512743,35.8896879945894
Smp_000030,164.604859737293,178.733519429762
Smp_000040,141.304487218781,148.891693043898
Smp_000050,10.1250471749077,8.67657755083837
Smp_000070,133.197089252522,117.491170709161
Smp_000080,79.4859922330325,77.0635871481932
Smp_000090,40.5328949813879,27.9881222290044
Smp_000100,0.347192872727823,0.54090096242614
Smp_000110,7.60084068913276,8.29757413534868
Smp_000130,11.6224259470477,23.6668181187253
Smp_000140,66.5052088131223,64.3395670352065
Smp_000150,38.1611599784585,43.1012209379134
Smp_000160,0.544874445640643,0.443413125550615
Smp_000190,34.6886055144919,19.6467129477288
Smp_000200,12.1476734588426,9.00448252855938
Smp_000210,5.05830595157075,1.78259904698028
Smp_000220,12.1217385080122,17.0229666179682
Smp_000230,5.95450101089163,10.056942161199
Smp_000240,327.603370641236,366.571687355417
Smp_000260,252.315512018906,265.152724056644
Smp_000270,1.67611026839702,3.74543866426634
Smp_000280,14.3490891301824,8.22853315688486
Smp_000290,4.39907221450721,2.50235138184888
Smp_000300,40.262162874178,39.5023889112268
Smp_000310,156.963228858648,152.681577107748
Smp_000320,53.1403141912238,46.8317129172012
Smp_000340,1.75411773994592,3.44805118967831
Smp_000370,2.33224990964335,2.08045679590173
Smp_000390,0.155836698507988,0.617832624237483
Smp_000400,0.571401227862622,0.226538628887077
Smp_000410,0.299162946524933,0.284655868758631
Smp_000420,3.92249027707674,5.02422305650547
Smp_000430,19.5049742443331,19.1110031286692
Smp_000440,122.241949884923,131.542714745235
Smp_000460,141.08830817312,193.211148202866
Smp_000470,96.2665797449908,74.7347097060689
Smp_000480,77.9864158579399,71.6330767894654
Smp_000510,77.9534815209683,55.3213898079311
Smp_000520,66.6350486621883,67.0148600677891
Smp_000530,17.8411037211498,26.4322328001095
Smp_000580,210.687895661674,120.99645397681
Smp_000590,170.051111960222,177.2638672121
Smp_000600,37.7832741114116,32.8861917545452
Smp_000610,12.4483838927214,15.0486374903558
Smp_000630,15.3302768450947,17.9683810034335
Smp_000640,68.3358704216192,36.9092205113579
Smp_000650,42.73221010521,59.8500442124245
Smp_000660,143.605988403896,110.189230069343
Smp_000670,102.331344782033,113.855795488242
Smp_000680,62.3977443078096,42.9048240269199
Smp_000700,13.8508241441029,14.963701003882
Smp_000710,95.5548077437733,73.5950311965198
Smp_000720,65.4027659383709,93.8409301280325
Smp_000730,32.7345110199265,42.7735648441023
Smp_000740,248.457740552331,287.53724876983
Smp_000755,0.358470030026739,0.358141370637035
Smp_000780,25.713055253818,24.1366611868777
Smp_000790,5.51741474184773,4.84254605145961
Smp_000810,45.7120982290097,37.2594524444304
Smp_000820,50.6098230392608,23.6247427267952
Smp_000850,15.7175351753808,24.1006642160537
Smp_000870,12.0994384847287,10.9969669787778
Smp_000880,835.170118195088,680.315491250441
Smp_000890,124.131990880501,109.78009878022
Smp_000910,73.2608144322414,50.3856931109228
Smp_000980,688.249003181489,600.576858432788
Smp_000990,45.9901167521695,53.6731214971379
Smp_001000,2.3509079089205,0.0776703870469978
Smp_001020,7.34658721537656,13.6699881202716
Smp_001030,28.5700613931311,29.2090232139508
Smp_001040,158.082054544176,163.802798562833
Smp_001070,4.61738365949593,7.34534342149007
Smp_001080,335.675546717391,258.793414619094
Smp_001085,0.634890253180691,0.96488675266718
Smp_001090,43.880305254476,39.0902126329862
Smp_001095,41.8593277349523,46.5990697531561
Smp_001100,9.59756174938083,17.2404722763412
Smp_001120,35.0618973327221,21.9896658616042
Smp_001150,120.567636245892,91.6658382770062
Smp_001160,23.936635963758,18.5774657843786
Smp_001170,107.868338664448,109.11466516185
Smp_001180,23.06976217217,33.9072138728915
Smp_001210,10.3263512387512,13.0856632161764
Smp_001360,306.199312688714,295.739576868188
Smp_001390,39.3484650648784,37.8440400925047
Smp_001410,70.2339271942327,65.3813520794771
Smp_001420,8.87124618173155,11.2424594132434
Smp_001430,127.128702560622,84.8559948882102
Smp_001500,529.834589522027,493.321178905858
Smp_001520,60.2964343306462,40.3886012644389
Smp_001530,43.8074274694677,51.6149523514657
Smp_001560,325.233260406659,303.530353540033
Smp_001590,144.469277111266,118.139894964611
Smp_001610,365.121273804015,308.222917231108
Smp_001640,158.712405051122,128.31147940164
Smp_001780,1.56225803872552,1.6799493827581
Smp_001830,1819.00879487558,1416.26789140555
Smp_001940,49.6207059766042,47.1082282350195
Smp_001950,126.017135658351,93.921691003453
Smp_001960,89.354797416571,77.7333630364954
Smp_002010,72.0844625918999,75.7452236073714
Smp_002080,104.923766252236,102.743138877728
Smp_002100,47.2266557004528,29.1497898375179
Smp_002150,38.7232465575426,11.9406615943268
Smp_002160,46.0318809485794,50.4457152985656
Smp_002180,687.732657330037,549.79182626056
Smp_002190,63.8657066166069,50.1419950828526
Smp_002230,59.2248370504376,52.7237664643655
Smp_002280,94.8174593170127,120.788571160575
Smp_002350,0.405660100916668,0.22056499364259
Smp_002380,102.436656485917,97.7658344593393
Smp_002410,577.93805790937,541.572307762602
Smp_002510,155.510765543788,145.936565466246
Smp_002550,386.626763391989,297.961931432823
Smp_002600,231.240007925006,204.211635362695
Smp_002640,0,0.677197324786992
Smp_002740,184.532522850792,169.045509492683
Smp_002810,155.674368613709,110.051436192302
Smp_002820,46.854900684735,64.097486910535
Smp_002840,75.6374061241226,68.9853690082089
Smp_002870,18.4173381270503,16.6259654591907
Smp_002880,382.004660291515,365.380351328708
Smp_002920,28.4056293851131,28.4558594271105
Smp_002930,3.99073873427863,0.539377687826374
Smp_002950,4.89772481025104,18.5854140433888
Smp_002960,27.0684267670075,29.8288747524349
Smp_003000,24.6265881304172,30.5986683243249
Smp_003110,2.45490897896534,1.45991560838339
Smp_003130,71.344185697503,63.7243074294499
Smp_003140,25.483883638365,25.6218823580838
Smp_003190,291.815609527735,204.182843141642
Smp_003230,48.8330045338016,48.5829830625298
Smp_003250,157.975633585548,120.032158805903
Smp_003270,20.0115189845337,38.2840390302615
Smp_003280,3.9641314123274,1.87247984630151
Smp_003330,672.54926977725,479.069584667513
Smp_003340,12.5645131872554,16.1831186271266
Smp_003410,1247.03989183836,1206.07793058093
Smp_003440,0.0203708102624821,0.0726861910867627
Smp_003600,1.16463944532509,2.33753234902589
Smp_003610,8.29805604794126,6.31999486958852
Smp_003620,37.8299231885332,40.7769531996739
Smp_003630,174.271805285352,152.244556910543
Smp_003660,503.341587466619,440.811278617552
Smp_003670,113.535891482588,86.1367568228104
Smp_003700,426.488466760894,315.759996571834
Smp_003710,212.695328561377,179.092074714024
Smp_003760,10.7137730224242,6.22981229439462
Smp_003770,6030.75706235996,3612.96416777935
Smp_003790,3.83684578998006,7.36046086636712
Smp_003860,70.8826839627049,57.8963913573429
Smp_003900,10.2660153375654,6.61340501473702
Smp_003930,279.831047779401,241.084793478774
Smp_003940,14.2223377718784,21.9863195935546
Smp_003970,328.46047248303,233.221518439246
Smp_003980,71.2898634985148,64.3268741747873
Smp_003990,331.05277437899,250.387616825819
Smp_004000,46.8703439611637,31.5011147465949
Smp_004040,14.5522327095948,12.1581163417093
Smp_004060,77.7544272114979,71.0336263627581
Smp_004070,9.68076460428408,6.45915925339187
Smp_004080,144.247065522653,123.366464759648
Smp_004090,36.9149858000456,33.9807943330616
Smp_004120,13.4055862110865,14.519580673428
Smp_004160,523.624712294237,354.10180004362
Smp_004170,34.9538480047831,28.4791419172325
Smp_004190,26.118679582239,24.7304669868392
Smp_004200,64.3838706355442,53.7271141895965
Smp_004220,91.8330038405553,97.002735822964
Smp_004230,3.77340433494184,5.25740591568122
Smp_004260,102.669858921273,82.2769020234554
Smp_004280,122.796671516464,158.086447011899
Smp_004310,126.450349646481,107.76766202771
Smp_004350,471.533395425995,327.167953591439
Smp_004360,537.221045323203,444.839489450988
Smp_004420,4.14374936236252,2.54207469056491
Smp_004440,0.213607935649578,1.27031006852567
Smp_004470,161.187091823429,128.200269529278
Smp_004480,147.807624918759,127.66163276774
Smp_004510,11.9408205309753,12.1982338631503
Smp_004530,5.92963538348003,12.6947118451815
Smp_004540,6.65588243444372,13.8910499910977
Smp_004550,368.918108190498,318.73528966367
Smp_004590,5.76443003402586,5.05714174486151
Smp_004600,692.953852698852,704.757891818977
Smp_004630,6.47346960679806,8.55971907883449
Smp_004640,58.3504227393724,54.2585392202042
Smp_004680,220.795995991317,243.230948910335
Smp_004690,19.5382355333671,13.2512918402763
Smp_004710,0.357125767414138,0
Smp_004730,15.5312618611917,15.0543993885047
Smp_004780,2091.83228160269,2090.94628851104
Smp_004810,231.567866028536,241.710755479646
Smp_004820,237.963296160509,261.351020718585
Smp_004910,45.914364150377,52.0838369777545
Smp_004940,738.830857487129,589.324061719096
Smp_004980,153.16340229781,167.003172149071
Smp_004990,485.044567841486,441.626308832234
Smp_005000,410.778992943759,366.778526549297
Smp_005010,102.464830352314,99.1778437992068
Smp_005020,27.5273584225788,25.8353250929321
Smp_005050,49.2015713762624,54.0579964809926
Smp_005060,137.991452987232,130.005433557237
Smp_005070,56.1638593818738,42.074712179228
Smp_005080,46.3637982037614,44.015855795982
Smp_005140,29.7908288278825,22.6213259222607
Smp_005160,47.5792754696632,60.0684120297033
Smp_005180,217.860506762293,197.141087123005
Smp_005190,35.1913661619446,35.4272740918338
Smp_005200,24.556539168624,45.0395040408131
Smp_005210,196.440447655409,187.631824368428
Smp_005230,634.974106610356,610.585719556962
Smp_005260,424.972987974836,334.345610035955
Smp_005280,12.0980092465386,14.3436518792823
Smp_005290,185.234041140112,169.194608281924
Smp_005320,93.543910690413,70.1538979779335
Smp_005330,26.5168908794552,30.3638555464238
Smp_005350,9.88614822809932,9.43910953696154
Smp_005360,1.66337823744375,0.0366369750221688
Smp_005390,25.8951959002223,28.744409632557
Smp_005500,16.2260501347248,15.7297356363119
Smp_005520,85.7101841793932,54.2837846578468
Smp_005540,56.9652040430389,31.3455490582527
Smp_005570,56.246897878339,68.5865228147771
Smp_005640,11.6504678576369,10.6820404570111
Smp_005670,81.7703857589706,71.1269229327645
Smp_005710,0.096033819808844,0.723400663673019
Smp_005720,12.1108310559562,19.2344118866386
Smp_005740,13.4138780049061,17.8259904698028
Smp_005780,65.9309109072256,61.4268205251497
Smp_005790,52.5237173860161,63.7379871106013
Smp_005860,1194.98521626064,1278.88814178977
Smp_005880,26.2279542868999,28.3986223772317
Smp_005900,113.762470997115,91.4512251371327
Smp_005910,80.2180752902282,69.9410524136801
Smp_005960,0,0.117175152872626
Smp_006000,118.972239394811,116.197740621835
Smp_006040,728.340880172835,613.423161261761
Smp_006060,217.58238881446,195.679429833956
Smp_006190,162.42608977206,127.239196558242
Smp_006230,41.1634437177349,61.2548529424925
Smp_006240,35.893654595314,43.8400107170203
Smp_006250,61.7422952372739,70.0540021102772
Smp_006290,65.1581722740118,68.5096659940757
Smp_006300,29.475941388523,45.7497523703658
Smp_006320,371.847537902701,442.745941959941
Smp_006340,307.744836164699,256.69426276516
Smp_006350,32.3277103863821,46.0171369325941
Smp_006390,488.49203009432,433.488329276272
Smp_006440,61.8977813923757,70.9247521663338
Smp_006550,354.3740886901,339.306844059345
Smp_006560,145.754149271187,138.671350863007
Smp_006590,33.8400399977536,26.7676932046939
Smp_006630,51.8989638052485,65.8801664610354
Smp_006680,94.8636989946682,99.764972876872
Smp_006690,100.763651009981,81.3195560936025
Smp_006700,44.5172999209911,48.6981296521436
Smp_006710,108.850839269462,77.908457198866
Smp_006720,77.8674222283376,83.4195186372413
Smp_006730,39.1756144860358,33.4144477608439
Smp_006740,94.1139152114485,109.097466444286
Smp_006750,25.5210825092791,18.7498770312071
Smp_006760,19.0034196236129,14.8279829816996
Smp_006780,177.106776713361,148.4648811344
Smp_006810,171.807759021744,161.587316238708
Smp_006830,576.985963845351,413.919902011772
Smp_006840,119.012161990762,118.401830254261
Smp_006850,201.555414006573,148.043715438306
Smp_006860,7.33009655944979,5.56049361813735
Smp_006920,14.7473677896494,20.2474774532267
Smp_006930,151.45608214928,148.754854413733
Smp_006970,100.174264307033,120.812371786863
Smp_006980,234.471538329834,194.627928921432
Smp_006990,255.342732745481,212.932413078461
Smp_007000,48.1264696143447,24.6320875353272
Smp_007070,0.0680239556979311,0.647253225391649
Smp_007170,95.8366837176252,100.016804653644
Smp_007180,33.500782006146,41.7324764146633
Smp_007190,27.1716564432566,25.3341416421529
Smp_007210,14.4864055786317,15.7030190552342
Smp_007260,265.659679370499,346.384871266047
Smp_007270,342.967013232018,314.125221425849
Smp_007290,15.7224064560957,8.23137254030684
Smp_007300,1555.98312653939,1609.79403355198
Smp_007330,27.9543521143667,37.3959839347127
Smp_007380,312.250131058616,279.857036218294
Smp_007450,539.459544317506,439.428657151765
Smp_007500,190.534857831771,184.246043579547
Smp_007510,54.3745090547435,53.0459576626263
Smp_007540,70.8271754536691,62.219097840846
Smp_007550,156.05418397021,158.511376850262
Smp_007570,0,0
Smp_007630,331.616784027414,300.669349857714
Smp_007640,33.677069303037,35.0151433331895
Smp_007650,23.1133404741428,30.3723272425338
Smp_007660,128.825004099937,150.452896288452
Smp_007670,51.9896225666721,46.6615956896991
Smp_007690,10.9465066686042,7.02524287335205
Smp_007700,8.83220744614657,8.84169754095132
Smp_007710,3.92924815285677,7.20754862851378
Smp_007730,213.17869505851,153.573864815201
Smp_007760,37.2714825809146,38.3517678779782
Smp_007770,13.1021937599072,17.444917345508
Smp_007780,6.92726146107425,10.5666305665822
Smp_007890,180.173748870724,141.514343492012
Smp_007900,1145.396049951,1017.49584166089
Smp_007950,0.0684312847739666,0
Smp_007960,61.8632658836237,41.719772926834
Smp_007970,100.446321108482,82.3534545013021
Smp_008070,1009.83151578338,878.419412385498
Smp_008120,81.9008426603091,93.0657673366706
Smp_008140,44.4902339681714,15.1310706841557
Smp_008190,21.2234741777545,13.5923177332246
Smp_008220,70.6459699902878,56.8680606575923
Smp_008230,63.1775697221691,76.9376475465545
Smp_008260,25.5899084374683,38.6092128715303
Smp_008290,7.40989803246874,8.98189351761172
Smp_008310,220.507582648746,198.109791624668
Smp_008320,174.996007944184,146.763676137885
Smp_008340,51.3267363810511,43.761353397621
Smp_008360,422.09230645172,276.312951993258
Smp_008370,0.836196918823349,0
Smp_008400,3.33187636955316,2.18514099798434
Smp_008430,307.944447444534,252.671477862265
Smp_008440,229.568846253041,156.111766906595
Smp_008450,33.1359926827493,31.6421622981303
Smp_008470,123.534158140836,112.086893307396
Smp_008490,44.394849292504,46.9591288664988
Smp_008500,126.840119207332,131.949704256879
Smp_008545,1205.23749507739,1337.93146860993
Smp_008580,39.9666902785229,29.1637366748583
Smp_008610,16.1265492425949,9.87876673449217
Smp_008620,14.040144456053,8.89325931688125
Smp_008660,74.7048399824775,63.4184030128261
Smp_008710,0.399481507619311,0.576952313270458
Smp_008770,193.055101871753,128.660106787775
Smp_008830,140.42396283552,149.595843741726
Smp_008860,33.9459664363356,32.2515941480655
Smp_008900,239.114885725817,274.61255982301
Smp_008920,2.3644188739143,1.45297189562056
Smp_009020,0.0421698323145846,0
Smp_009030,205.186226119833,231.410020405627
Smp_009040,0.0328391510265874,0.0195291921454377
Smp_009070,34.9864605631499,36.893433847324
Smp_009150,28.3771833415319,30.5110254602342
Smp_009230,14.2514188596324,7.03602329719863
Smp_009250,49.4984919076174,49.1697999927794
Smp_009300,26.1701762361081,30.7458227125541
Smp_009310,3349.22169347051,3293.26113437997
Smp_009320,331.796847439556,239.293324799207
Smp_009340,54.3152178395256,58.5691443897937
Smp_009390,177.278431367126,105.883012930246
Smp_009400,44.1365632097851,52.2514877166737
Smp_009420,32.3198819509795,23.4679860862706
Smp_009430,67.7467580784621,59.6787700474394
Smp_009520,35.3994801782015,32.6541468830722
Smp_009530,50.257335268826,46.2602177397815
Smp_009540,27.0429311627633,31.8314523307031
Smp_009550,70.5080514032876,71.2894140088604
Smp_009560,22.135038101429,24.0116653962328
Smp_009580,4458.59616424305,3622.06950261825
Smp_009600,270.27278077902,266.315687448904
Smp_009630,24.8856163172956,21.3788094037149
Smp_009650,342.936972713845,332.425168646043
Smp_009690,1594.11986441573,1371.46059836771
Smp_009710,50.4648029237486,66.5712573771257
Smp_009760,2170.73745512996,2171.22501529858
Smp_009780,882.251837443652,815.539063993477
Smp_009800,26.2612017805466,17.0694222696309
Smp_009830,187.892046212256,138.884632033899
Smp_009990,10.9212888555079,17.2805045436959
Smp_010000,1.26978050636138,0
Smp_010090,433.55471696017,284.056402797728
Smp_010100,265.764133134352,248.564136454784
Smp_010110,73.4311365168135,75.2879443237477
Smp_010140,168.980220766491,137.180829506851
Smp_010160,389.684322526509,293.311450490723
Smp_010230,53.7044824921515,61.6385801003509
Smp_010250,15.9231414916094,22.1063712578585
Smp_010260,185.646288583504,124.39314228958
Smp_010280,41.8592213782789,43.4565815527953
Smp_010290,177.97467656074,225.572508263882
Smp_010370,438.43205815227,394.027022907346
Smp_010380,8.02159416037911,2.61390725638935
Smp_010400,101.441353785981,64.605460830759
Smp_010450,318.251223203934,279.940656235963
Smp_010550,0.280442320423373,0.66710761880857
Smp_010620,52.825460453422,42.7880614357122
Smp_010660,12.4775370165919,9.43140414142117
Smp_010670,9.96483377508766,10.0217088805674
Smp_010690,29.7821246037488,21.7477083731594
Smp_010710,90.8169101288901,81.9807183088451
Smp_010720,2.67967472376954,0
Smp_010770,100.913898828883,84.4356698763565
Smp_010800,16.8636278849479,18.0389924440939
Smp_010820,7.92819203659387,13.6772697190573
Smp_010900,306.860315650598,206.964275484803
Smp_010930,120.719717327324,115.486225990137
Smp_010940,2212.65602136002,1991.18393246585
Smp_011000,41.3331355481934,42.0155055164864
Smp_011010,79.3384438686949,63.5123048038086
Smp_011030,278.236066099117,179.371453092207
Smp_011100,15.8826643664547,16.4642828644706
Smp_011120,201.640597091004,157.834930919427
Smp_011150,20.4093988705403,17.6442281686032
Smp_011180,57.0714447540671,57.440611959156
Smp_011220,48.5018087205017,34.9849377202056
Smp_011230,51.3331997388778,43.5948727297326
Smp_011270,150.671614552711,137.176369747366
Smp_011560,32.2947508784578,23.4089916516646
Smp_011570,1818.65151557905,1683.5496036137
Smp_011600,26.1887424515845,40.4477749700095
Smp_011640,24.4988276446099,28.8836751831023
Smp_011660,56.0016165803705,88.4522631436535
Smp_011680,58.9157919405763,38.8274574291715
Smp_011690,1.01833882193338,0.538309613197015
Smp_011700,0.478939329523967,0.680407057658508
Smp_011710,176.363653399831,151.854638117235
Smp_011720,270.463247854974,182.455436238781
Smp_011740,434.594587730128,352.354698161284
Smp_011830,17.8529968889796,18.8538600815696
Smp_011860,52.9543897712549,47.1910452134783
Smp_011870,1.41807603995103,0.396855992210938
Smp_011960,20.666772379399,16.7430273993552
Smp_011980,39.8916136718998,40.5447862818703
Smp_011990,273.322516073574,293.219547869706
Smp_012010,3.83950598812666,5.56608486360556
Smp_012030,85.3832243487361,78.7761847917405
Smp_012050,121.605902339994,92.1837959086644
Smp_012070,227.350465015457,175.340898758598
Smp_012110,159.374612744385,142.430696246995
Smp_012150,160.971066307697,161.806784904835
Smp_012200,50.7735352891856,54.7857486350307
Smp_012280,248.360208110521,246.439784017796
Smp_012340,159.466191658014,125.785260790891
Smp_012350,28.974354714732,28.2745854733588
Smp_012380,0.167076382415971,0
Smp_012400,26.4648989746898,32.2638699878121
Smp_012410,207.649637699863,211.403920489089
Smp_012440,3.89691258848838,2.16123059742844
Smp_012450,76.2696421538369,70.7194502351832
Smp_012460,20.3059940480105,16.9810360661635
Smp_012470,228.665818560323,212.497409723339
Smp_012480,80.3724031619111,84.66764722438
Smp_012530,210.062586988818,135.577609932249
Smp_012540,221.303912814018,218.87249277645
Smp_012560,2.367233658288,1.94175967617495
Smp_012570,85.3773978385067,98.9359037979696
Smp_012580,71.1788046891803,73.639006935432
Smp_012600,2.43437209503602,5.71038200626597
Smp_012670,163.248001960286,154.73115187008
Smp_012680,2.24874031610451,5.39308090705364
Smp_012690,370.815588498347,311.278234755149
Smp_012720,53.5715203222874,68.5679374125867
Smp_012740,106.592837300764,96.2322082813609
Smp_012750,1067.48764328166,933.61208912185
Smp_012780,38.4768846782035,45.6281215087865
Smp_012790,111.979301030796,95.4198949594158
Smp_012800,338.445342657091,259.598332091697
Smp_012810,8.0948507280538,3.62461806219323
Smp_012860,37.9038099568599,22.2335876043471
Smp_012900,70.9590392374503,67.387632830939
Smp_012920,0.196357810262069,0
Smp_012930,100.611431886399,91.3350448465898
Smp_012950,17.6543275918934,32.7153026820372
Smp_012970,31.7030802816677,38.9507300877243
Smp_012980,338.997684211594,254.886028997371
Smp_013040,306.954603528444,369.628472189256
Smp_013050,22.0299268573541,22.0424815288197
Smp_013060,19.4653165535618,37.670137717794
Smp_013070,33.9691281130929,53.3525227560037
Smp_013080,173.080152877816,129.693365037852
Smp_013150,22.4136739703532,13.680010105697
Smp_013200,1608.8290607559,1669.5284682413
Smp_013210,0.969650568494146,1.31804293170663
Smp_013300,128.446782926906,116.067118708135
Smp_013310,4.47855016432865,0
Smp_013360,485.023172118194,414.256774551232
Smp_013370,75.8042327618622,76.6867882590664
Smp_013440,15.4895524486801,7.76703870469979
Smp_013460,124.684864945545,121.722248357235
Smp_013470,1102.41180404579,1005.26084243013
Smp_013520,43.0867412361274,44.9753524995116
Smp_013540,0.119290444230192,0.0283764462071495
Smp_013560,58.8760252506549,70.1982991791854
Smp_013570,11.9369649221503,8.58462172624713
Smp_013610,38.2103686585326,29.4301499457685
Smp_013630,0.795907097942679,0
Smp_013690,104.404505381362,110.393812409422
Smp_013790,844.634905913293,990.173868324375
Smp_013810,39.1418578107729,22.321329121534
Smp_013840,40.7527668173719,64.6975672550572
Smp_013860,23.1642205632398,20.4953824696488
Smp_013870,40.7540937287864,45.2937849387147
Smp_013930,68.0528252812512,73.9825888291165
Smp_013950,19.6380494196829,18.9899890352272
Smp_013970,163.687405075046,132.479790173163
Smp_014010,97.9374547129879,91.1167687711571
Smp_014020,72.1331579196837,63.1270033499324
Smp_014050,25.8152170023261,28.4583915055677
Smp_014060,28.0206371355709,9.41006612300166
Smp_014080,27.5255645249951,22.6538628887077
Smp_014170,87.9567665679653,111.098963872152
Smp_014260,14.5739414297545,12.2559943605761
Smp_014270,50.6603150476139,57.0316836847672
Smp_014280,45.1469761355192,46.8636229538376
Smp_014290,131.139410513421,91.5126342434925
Smp_014400,129.599709526427,168.8689244816
Smp_014410,25.0486352214196,28.3700120129514
Smp_014420,7.89417157695492,7.79609246544056
Smp_014430,25.37408842373,11.749291599906
Smp_014440,6.59427903506323,14.1249896443915
Smp_014570,10.9085688955591,8.89678978901975
Smp_014610,1.2546279943523,2.07615354397703
Smp_014620,33.284902125768,24.436461935688
Smp_014650,867.269422466194,695.40696167483
Smp_014660,193.499755610177,189.764591265796
Smp_014670,94.197074030215,131.824669276056
Smp_014680,85.8008827869905,79.3963956480422
Smp_014730,15.7528503644695,8.57313618494672
Smp_014780,63.6164233622575,82.1683331105519
Smp_014800,213.257446766659,168.575986599418
Smp_014820,22.8074192227719,27.1846354664492
Smp_014840,18.9581182577676,27.7641528891836
Smp_014850,25.511044718715,32.048841523938
Smp_015020,34.0368597678639,37.9569148105781
Smp_015030,65.5154558521937,35.6100104997152
Smp_015050,21.9619249437663,13.7252499359945
Smp_015070,45.759517418044,39.0285637817072
Smp_015090,82.7583396620116,91.8750439312154
Smp_015100,0.220618234695993,0.997119833711459
Smp_015190,123.433287704359,137.997295530112
Smp_015220,19.4057618770428,18.5568166991152
Smp_015390,22.3967233686346,23.1419043078535
Smp_015440,25.0229213032826,21.2534422737694
Smp_015480,12.1393123927661,17.145496227802
Smp_015510,157.62792492762,124.596245887892
Smp_015520,44.9679477927235,32.4319023122987
Smp_015530,1274.28488563132,1558.68115142894
Smp_015670,0.205910352382927,0.551039908103701
Smp_015690,475.158164652654,358.08481965597
Smp_015710,43.6115422928846,42.5912450634084
Smp_015720,188.576798172697,167.387509817973
Smp_015730,403.562777648646,325.133650056438
Smp_015760,2.79351711399504,7.91374943578856
Smp_015780,13.0502993366731,10.1192018455552
Smp_015800,52.0647354093648,59.5263561905043
Smp_015820,13.5964189604234,10.1071080580388
Smp_015840,58.4796093441597,58.1000999843029
Smp_015850,281.038756888126,258.13852148311
Smp_015860,165.422681711718,141.514343492012
Smp_015880,46.4449178280016,35.0055184602631
Smp_015900,182.946487547432,152.023948552718
Smp_015980,668.158502447359,573.74683409467
Smp_016050,252.092233228234,328.626602264724
Smp_016090,33.7821493384522,43.9629472314561
Smp_016130,234.734251538047,169.200920748072
Smp_016180,3.02352450630647,6.11520778174546
Smp_016200,70.8701954557669,45.9270400146607
Smp_016230,0.28498814357238,0
Smp_016240,18.1437525686748,38.7632764984554
Smp_016250,100.554023239295,96.9809998045503
Smp_016340,95.4644071600784,89.3797863063559
Smp_016380,60.4710652767078,75.464751875935
Smp_016390,233.026615684664,215.914748359959
Smp_016410,47.9245187467438,49.9300065697813
Smp_016490,17.8417118087717,3.25938231357937
Smp_016510,23.5383192373259,19.5431832084672
Smp_016540,93.805034907447,73.5735683362802
Smp_016550,37.9646296234703,40.6802107247043
Smp_016600,1.96746210326324,1.2945064507833
Smp_016630,52.0854196167082,45.656246744934
Smp_016640,13.6757726585754,12.6917915065928
Smp_016670,158.698605172411,121.561483123556
Smp_016680,1.4651313534939,3.83373064270438
Smp_016730,47.052816193827,41.3844310871923
Smp_016750,0.503120577992245,0
Smp_016780,2.45247429657851,7.21715985834936
Smp_016810,42.5734154280742,31.2766888685292
Smp_016840,58.3362928284866,64.995793089872
Smp_016870,156.832608534876,139.276249090939
Smp_016890,88.8226949327913,74.5367342362602
Smp_016900,110.723564460318,96.9492866890205
Smp_016910,42.3556154919146,30.7015288659549
Smp_016920,9.35529461304488,11.3269314443539
Smp_016990,86.1282826388049,87.5875693931206
Smp_017010,112.837654701392,169.917376317905
Smp_017070,275.39807664106,233.575055996448
Smp_017080,37.8466306073792,49.6804481489567
Smp_017090,63.34793859514,63.0952033048452
Smp_017110,27.2167426955617,22.9817477463074
Smp_017230,22.4694774592912,18.8798155406524
Smp_017240,55.9094124493273,126.722223789756
Smp_017280,1295.22558845639,978.999924006023
Smp_017290,121.557283631403,75.3367924585903
Smp_017350,0.280251283420359,0.0370362881014295
Smp_017360,604.879346818768,607.254614678205
Smp_017420,10.9790664496461,11.9418220084759
Smp_017430,537.221519711935,410.872800885603
Smp_017470,149.471305320254,129.45064507833
Smp_017520,50.0745525681951,57.3614907617582
Smp_017610,0.509270256562051,1.1629790573882
Smp_017620,3.52716807322606,0
Smp_017640,85.9021277443083,60.5859123767764
Smp_017650,126.432581545377,88.7808077293369
Smp_017660,249.822991018502,179.786832168549
Smp_017670,14.0513874398355,14.7038846066734
Smp_017710,15.2617069167141,21.0615785962107
Smp_017730,35.932412759979,30.6790997720338
Smp_017750,71.9537330730051,79.516650345656
Smp_017810,24.3533625439715,27.3417720876426
Smp_017830,1058.63841604477,932.672860929795
Smp_017860,8.41850919342083,1.98322073687619
Smp_017870,121.556683083587,105.977602326236
Smp_017880,37.712481038933,40.3477221133615
Smp_017890,74.0448995967307,62.2001391079224
Smp_017900,25.8200443880225,23.6970088636108
Smp_017990,109.214214067763,105.235367192285
Smp_018010,22.4710314418256,27.6737923833417
Smp_018020,394.497716408184,298.687749784143
Smp_018030,91.1624859719755,82.2110413533713
Smp_018120,13.925539857844,13.8623637809046
Smp_018150,39.8409997021738,50.3289428094486
Smp_018160,120.163980988139,75.0269023393339
Smp_018170,1.26731011627118,1.13710051075615
Smp_018210,52.4183641368585,48.4277188698722
Smp_018220,104.301731483012,99.2938799114608
Smp_018240,449.871862235124,493.58371708859
Smp_018250,7.61868303816829,4.35192629177806
Smp_018260,19.5100786995809,15.8993589326404
Smp_018280,51.9541640561435,58.1563718737418
Smp_018290,247.679856480615,245.88391670539
Smp_018310,913.110477000268,652.70040600138
Smp_018360,137.975048782974,120.70975748405
Smp_018400,24.9988037189897,22.4591812545079
Smp_018430,72.7306728445006,65.4411588877768
Smp_018440,2.1306486462674,2.45188298093277
Smp_018460,18.1827332302676,16.7218204415616
Smp_018480,24.5753094461269,24.7789155136661
Smp_018490,24.5306871736191,20.0054402708008
Smp_018500,14.4571395001386,13.1829105725853
Smp_018510,5.4283116646949,6.00327366550754
Smp_018530,743.13185933156,655.014406601096
Smp_018550,118.565754781494,90.1990202517296
Smp_018570,20.7306654343292,22.3816276265258
Smp_018580,62.8362787765177,60.8680978490965
Smp_018610,240.151192208454,238.518572037476
Smp_018620,40.6369755122456,38.0584896530289
Smp_018640,41.7436197274051,52.9851968034056
Smp_018670,7.87134344504632,5.27049054961771
Smp_018680,61.3568805105959,63.854818869721
Smp_018690,0,0
Smp_018710,28.7261819471919,22.4310380078352
Smp_018720,56.5417968932123,42.9118722153636
Smp_018730,33.6962123262196,35.463084127014
Smp_018760,115.328582502675,140.211882423475
Smp_018790,28.4383262397334,22.5037076015491
Smp_018870,83.9039310578822,83.9501204678189
Smp_018930,206.661763459424,182.464411874282
Smp_018940,138.130035952877,114.310547893082
Smp_018950,36.0763271014782,33.0754038601065
Smp_018980,0.385214310918621,0.239992768965443
Smp_018990,829.417910647219,806.380603916545
Smp_019010,321.779170798009,343.552383477509
Smp_019030,162.999718685021,134.224137615593
Smp_019040,16.9377133388624,13.9107567430042
Smp_019050,462.323291976608,424.202035524965
Smp_019060,642.280661071648,517.424409889495
Smp_019100,28.8302623165658,24.8821116974331
Smp_019130,45.1703634305847,45.2259059565984
Smp_019170,34.3189152100416,41.3985530960104
Smp_019190,115.105782757255,92.4123585261731
Smp_019200,494.749843637148,372.131137940113
Smp_019260,84.1140913641345,87.0591747549834
Smp_019280,35.0162312339211,31.2358276599173
Smp_019310,4.72504861501783,0.52278145127787
Smp_019340,102.002202659774,93.1242264532497
Smp_019350,30.1447891864533,7.38480254797243
Smp_019380,56.7671454834798,59.9942901514784
Smp_019420,5.48545178748117,4.07769531996739
Smp_019430,119.428707147805,115.001213858921
Smp_019440,665.47080037556,519.151024532885
Smp_019490,64.0342028180829,55.8466967734664
Smp_019610,132.565084864128,130.486250238956
Smp_019620,149.640872282284,125.055889482736
Smp_019630,264.146828080307,213.399388411627
Smp_019640,297.45671574858,261.635857611305
Smp_019680,128.370372356092,146.326615197942
Smp_019690,333.733345499533,329.366335263522
Smp_019730,792.906156020149,789.418175132237
Smp_019750,799.638893455205,741.664433149624
Smp_019760,33.8140899778443,38.1879402981073
Smp_019790,21.8735492656913,27.9929698112823
Smp_019810,58.5981810918426,41.7143544226549
Smp_019820,49.3063962752423,44.6683022281374
Smp_019840,110.184231668713,108.617181886036
Smp_019860,68.2065009967661,59.014746613874
Smp_019880,79.3639833082382,56.5093379802573
Smp_019890,97.1382087366457,100.697285191561
Smp_019900,43.1138190425824,40.3579222098249
Smp_019920,35.1101959289081,22.5992752672891
Smp_019940,107.938496733711,108.279083238195
Smp_019950,56.1424381026925,43.2580905636752
Smp_019980,102.196748285055,101.891538917888
Smp_019990,218.868369052189,177.216294496473
Smp_020040,526.019072599832,467.66848599696
Smp_020050,160.376694403235,161.827818752069
Smp_020060,112.499479264813,98.045644405469
Smp_020070,5.00147357721479,4.15592448677731
Smp_020080,76.7679163761194,69.420651021667
Smp_020090,16.2728229979829,25.320352485583
Smp_020120,42.0188951708733,30.4998349135772
Smp_020130,1.1172273713215,0.304186144795368
Smp_020170,0.551514874224711,0.81995420200427
Smp_020200,67.9623243549373,63.8838933461557
Smp_020210,35.0256592919451,35.0098300349945
Smp_020220,188.562405194665,115.32875652433
Smp_020270,5.62662150260017,9.49863145121815
Smp_020300,16.5537440324727,23.6930309111255
Smp_020340,3.96171517984751,4.09279789522652
Smp_020360,198.334968250633,126.268820811451
Smp_020370,196.412496829787,197.406184648888
Smp_020400,25.5958131012328,15.2656700243559
Smp_020450,56.6473332262985,55.0112079100323
Smp_020460,0.326514987350069,2.97736483680158
Smp_020480,69.1825572659475,69.4231282073301
Smp_020540,15.2479770554984,2.95320552421036
Smp_020550,1.21898928610693,1.63107812798695
Smp_020590,79.2850948172046,78.0501089392276
Smp_020760,68.4863237786655,61.5709285385688
Smp_020770,247.26859060544,222.914010824884
Smp_020800,118.632196784734,108.027315937896
Smp_020840,127.713186718768,88.469296123269
Smp_020920,378.859421259627,371.199724762111
Smp_021040,245.892995056881,213.965734983844
Smp_021070,46.8352456056439,49.5267990131993
Smp_021080,69.4682999627502,83.3693186993332
Smp_021100,39.0843894762356,45.6970045669111
Smp_021130,63.3787466140426,86.7142652409938
Smp_021140,1184.30722153019,1041.46908163877
Smp_021160,48.2145853583351,42.3147701694913
Smp_021170,9.93825386158352,14.3171902082753
Smp_021190,0.814410945459369,0.749920978384807
Smp_021220,66.0525444535534,51.9756552314501
Smp_021260,4.13107644468247,2.52559957880863
Smp_021280,10.2070817626742,9.52623977884119
Smp_021290,22.7433467026976,35.468710771314
Smp_021300,11.0004454071511,11.4348069819191
Smp_021320,42.2992040173416,38.5013162941114
Smp_021330,49.2385678531124,49.345047876393
Smp_021340,140.898752002802,161.267622090197
Smp_021370,56.9317089645493,66.1437710969381
Smp_021390,72.0844625918999,50.3210658486442
Smp_021540,86.1432239269416,98.9148889384572
Smp_021550,11.2802483776328,16.5412257471857
Smp_021590,146.207639875683,157.43507790185
Smp_021600,16.0328462170865,17.7899452684852
Smp_021730,867.909340130881,701.3266928143
Smp_021750,74.1965564419367,80.7139317079687
Smp_021760,407.916987668594,323.799213555929
Smp_021790,450.393847267034,380.392097697194
Smp_021800,143.57975534165,117.125291105446
Smp_021830,24.4499578027532,16.5969353374111
Smp_021870,185.353165421738,240.05336489808
Smp_021910,63.1925957225073,52.1907112962144
Smp_021920,12.4088433098905,4.82536117187298
Smp_021950,79.1762239504709,93.744325891029
Smp_021960,9.39849457032679,7.67909249767398
Smp_021980,7.92658094290629,8.16305548076178
Smp_022020,25.4877844318196,40.4367199647997
Smp_022050,8.77432597092415,5.09075570532757
Smp_022070,0.190467075954207,0
Smp_022090,110.411196506119,105.457637585363
Smp_022100,134.178453036917,82.6732737420839
Smp_022110,61.382344023424,65.0783697530149
Smp_022130,73.3840574644524,75.113810525747
Smp_022140,37.9486421164819,36.5798004554477
Smp_022170,282.170004718501,246.595585542201
Smp_022300,1.2135955282038,0
Smp_022310,36.1142213715539,46.6640717083317
Smp_022320,66.6025271196672,56.3809339574157
Smp_022330,806.919741339577,745.972478399446
Smp_022340,1.27766734180462,3.29254901612273
Smp_022400,72.837958716554,84.4416515587874
Smp_022410,189.720650926819,158.699493533866
Smp_022430,144.05325691905,142.480874484241
Smp_022450,0.30610780064069,0.485439919043736
Smp_022460,135.0484825083,87.9579791775016
Smp_022470,59.8536263341029,46.549033332961
Smp_022480,4.60532332904202,0.405740827857451
Smp_022500,341.345481168026,256.030994311348
Smp_022540,92.1434427588255,93.7204565381782
Smp_022560,1130.94854205406,981.686152807055
Smp_022570,154.008571286578,121.105800919203
Smp_022630,21.6832757847982,25.2163066726984
Smp_022640,1409.6607657524,1341.59491226374
Smp_022660,74.5408186141774,78.1418431000609
Smp_022700,86.1863518692788,56.7605120155954
Smp_022720,6.0045552758445,8.06323933326884
Smp_022730,360.682448526345,300.41796132821
Smp_022760,51.3687792807601,54.6420264726956
Smp_022810,35.7586574855963,39.9626668838586
Smp_022850,284.340134817352,271.684541358145
Smp_022870,145.939929471217,130.645158337716
Smp_022890,5.82882241714575,3.99156162181249
Smp_022960,55.6896427463032,48.7755094042253
Smp_022990,62.9151387546958,51.8539665836897
Smp_023010,78.9247945985246,62.0149496578373
Smp_023140,141.62148712079,126.13086240616
Smp_023150,65.3999821197218,68.9036304892179
Smp_023160,208.491765093288,236.263213931986
Smp_023170,38.2079818530695,35.1560699265359
Smp_023230,68.3800317129425,66.2275892845183
Smp_023240,0.0732565676746951,0.087130241879645
Smp_023250,126.377790760404,95.970000964889
Smp_023270,43.0180392079084,44.7822939765746
Smp_023360,171.697024446765,151.666979250432
Smp_023530,346.531959119786,324.600001267344
Smp_023550,50.2371342153157,62.1127731566749
Smp_023570,17.2662544941096,11.8194067245431
Smp_023620,17.4860522594083,28.3223184485253
Smp_023660,217.003092724884,167.31373753124
Smp_023670,154.166292066464,144.337469262338
Smp_023700,245.639736637206,206.42399019029
Smp_023840,87.7462115430416,86.2409125142528
Smp_023860,11.1105794306621,22.5028371361163
Smp_023930,46.1061680413288,64.4932041410934
Smp_023940,16.8156342074368,13.6671549953484
Smp_023990,24.6604740445974,30.5040225339315
Smp_024000,24.431820541858,18.5317940228758
Smp_024030,79.9369593382942,76.2719176429133
Smp_024060,208.539966920689,187.022116178955
Smp_024070,8.52985118250253,24.285985575214
Smp_024110,783.962484627517,736.547387603611
Smp_024120,313.965346424057,291.5604032852
Smp_024140,2013.34440893107,2282.44368164282
Smp_024150,117.025787406608,111.920316448112
Smp_024180,207.639833286207,190.730910127507
Smp_024190,10.7245520368497,17.8729801488112
Smp_024220,47.6341519029153,57.7717807174866
Smp_024240,21.6719405459221,16.5072967169764
Smp_024290,0.214812491677677,0
Smp_024360,108.379722507355,101.801216494537
Smp_024370,72.9312110098561,72.7700793528331
Smp_024380,84.1942217381251,66.6054390510168
Smp_024390,202.276034663368,142.147028083775
Smp_024450,4.62673058998074,6.93373293273807
Smp_024490,53.7982461533319,61.928445024744
Smp_024500,143.543915392541,132.073330113009
Smp_024520,66.2927688522496,79.8814735686378
Smp_024580,37.3961696449376,43.7957826962271
Smp_024590,207.545197663927,153.255663032331
Smp_024660,3.98397018147286,6.69472365964795
Smp_024670,33.7890744913113,34.3263617330588
Smp_024800,26.8450765543005,28.7233884173803
Smp_024810,3.42840736717573,2.41641204146215
Smp_024820,56.8895082126382,56.0981183638788
Smp_024850,1033.64714900056,804.11871455783
Smp_024860,4.22887252338856,3.83219530804571
Smp_024870,38.662342820315,41.9684875464176
Smp_024880,563.089937275529,421.071104965616
Smp_024900,55.4138045890094,70.1349186217005
Smp_024930,39.6765181598115,33.8336913272907
Smp_024970,42.1439963053904,49.1044998521355
Smp_025010,473.214576506044,383.889450841578
Smp_025020,102.89757031907,79.7200222607381
Smp_025030,113.265607878189,80.8128921927078
Smp_025100,213.809644230117,155.129713259629
Smp_025130,70.7410815903161,78.2036872397501
Smp_025150,84.1426232887967,82.2154793863631
Smp_025160,238.893330015564,205.130728457248
Smp_025260,38.8987728058698,51.6967856280573
Smp_025340,79.5729117319799,69.1362334085005
Smp_025360,18.5176323844368,20.3165595747934
Smp_025370,17.5361066481977,36.5586476962593
Smp_025380,10.8102935001037,4.40831926482961
Smp_025390,0.096033819808844,0.456884629688223
Smp_025410,0.252088776998215,0
Smp_025440,31.0626534840624,28.2768752842977
Smp_025510,318.062462274314,323.553535718764
Smp_025550,41.2225171529463,34.8258193773229
Smp_025560,140.113055574697,148.864366072262
Smp_025570,101.95183120167,99.2239194525397
Smp_025620,223.565725167229,170.474278703065
Smp_025670,77.8731791964553,82.6552602077711
Smp_025680,73.6891960837928,64.8199680579721
Smp_025690,1.59242965142042,3.78802297483309
Smp_025700,66.3640000494533,52.6595454318639
Smp_025740,30.7573242534954,28.8383002351798
Smp_025750,42.2164671879678,52.9940481975369
Smp_025800,308.449357650912,302.668370932791
Smp_025830,106.247503673586,95.7371944687995
Smp_025860,4623.63588555737,3665.67818867902
Smp_025890,9.53076496798095,7.82748258567021
Smp_025950,52.8150550307482,39.4386326844025
Smp_026030,24.8416132267688,22.8812761841156
Smp_026040,11.0857949448427,18.4041435831683
Smp_026090,28.4653238971888,20.0701229258408
Smp_026100,245.849041116277,258.602557898786
Smp_026160,249.824893385284,252.347625882847
Smp_026190,303.25405965125,287.504704693167
Smp_026230,385.915598510294,261.675879157814
Smp_026250,49.1509900223848,50.4661558406973
Smp_026260,132.139856043393,149.831595477871
Smp_026270,27.6744877247371,35.7811013175946
Smp_026280,33.2300325718165,35.8282938307814
Smp_026300,446.080348395803,216.17160688716
Smp_026310,111.239174611911,107.177519381029
Smp_026320,11.4280245572524,17.1312089022346
Smp_026340,261.07594196866,209.062791801503
Smp_026390,36.3067328854303,31.8757893743763
Smp_026400,27.0116944080512,21.5176189820641
Smp_026420,51.819137807224,56.526781684204
Smp_026440,1229.20334468557,900.080292971556
Smp_026450,40.5108819241064,30.669845141635
Smp_026460,156.479631335165,142.66362997864
Smp_026510,36.1293326828366,44.7174783406821
Smp_026540,15.8687486485605,18.5110846477341
Smp_026560,1695.87282540543,1461.76710977981
Smp_026570,0.119790613807677,0.0284954250172424
Smp_026630,122.605925513126,96.8405573680159
Smp_026670,7.36042259619648,4.24554234282319
Smp_026700,15.4324536473948,9.45233955571955
Smp_026770,534.945829524986,519.022652643182
Smp_026790,9.48102778083165,4.22872107255877
Smp_026810,4.60089300356916,2.73611590733742
Smp_026820,243.028134605158,146.180472776288
Smp_026830,84.1771564948838,79.8963066757838
Smp_026910,65.5029562607166,83.9562695335921
Smp_026930,20.8651941576984,20.3269728996866
Smp_027000,124.463885233543,120.850807223626
Smp_027010,113.869165552479,111.020225897753
Smp_027040,59.394093027658,57.238237651676
Smp_027080,110.568579477006,90.9639725223494
Smp_027210,14.1845329931726,7.51334146057642
Smp_027220,98.3626399392084,96.1171039706598
Smp_027240,81.2119191940917,41.1625508658646
Smp_027250,98.017287548742,81.3447938188366
Smp_027290,90.1406139896324,91.157174363039
Smp_027300,21.7074061010843,23.5955226067392
Smp_027340,41.870745436656,36.836323268613
Smp_027360,150.361986028569,98.6588455692484
Smp_027370,162.864628048544,117.533570987295
Smp_027390,39.7001990543414,41.2923017393222
Smp_027400,12.6922962544756,13.3711845813826
Smp_027430,7.25406092802925,5.34106188005804
Smp_027450,27.0036719267895,23.6947160484591
Smp_027480,186.551328247439,158.399859170428
Smp_027500,28.4430833424949,26.6812162911446
Smp_027550,162.564010516061,203.197417440431
Smp_027610,854.776659308258,846.018806789193
Smp_027750,73.2260151725369,92.7627371366988
Smp_027850,133.975351724385,140.655512326406
Smp_027870,29.1506723114218,34.957117085448
Smp_027880,968.389033315748,720.069213248209
Smp_027890,18.0091437575379,34.8217198270626
Smp_027900,33.8097028410789,31.4247547090149
Smp_027910,183.971752607867,166.16544192961
Smp_027920,504.153652245723,607.244346019439
Smp_027970,29.2962324015829,48.9951581449226
Smp_028030,49.8065919923247,63.4656012905139
Smp_028050,23.2988637769319,33.5857865896966
Smp_028060,440.486106307351,358.949787238944
Smp_028070,49.833075868062,60.5143446120743
Smp_028080,40.9971961523437,35.5696801977509
Smp_028100,683.517587128447,509.51084520697
Smp_028120,34.9782393928952,33.162808957665
Smp_028130,87.5371132752805,60.841803186815
Smp_028140,14.2850306965655,17.2127014285228
Smp_028150,30.1505328744532,20.7580076966031
Smp_028170,274.296852695836,315.105132333502
Smp_028190,273.925115654412,241.034039803027
Smp_028200,63.4038051498569,89.2927092250875
Smp_028210,77.303993038722,56.0029629681418
Smp_028330,709.795152046382,564.829088579215
Smp_028340,100.342019089401,87.2501089176066
Smp_028360,224.445353861818,212.177326817263
Smp_028410,94.242065526931,99.8011274658685
Smp_028430,71.7857464907022,62.814982922475
Smp_028440,257.43406820194,231.760004213389
Smp_028450,3.3764618010064,9.88532198779972
Smp_028490,81.5688358306641,63.4723828092783
Smp_028500,510.451763557275,481.168047756152
Smp_028550,22.2091797999434,37.4109311195121
Smp_028620,56.8969733275972,61.8884254236185
Smp_028630,70.0905307214789,51.3997237194231
Smp_028650,33.7075246850851,43.3239821082421
Smp_028670,21.9258610691471,26.0782840230472
Smp_028690,19.556619452306,22.1008945819755
Smp_028730,151.959866476948,141.785678590985
Smp_028840,0,0.190102345919225
Smp_028850,54.4511758316145,66.9621535386801
Smp_028870,5.15726236429853,0.627337741533444
Smp_028910,57.2521622427058,34.9136004520083
Smp_028930,114.088981563198,72.9094198075061
Smp_028940,57.3330008378613,65.094011085274
Smp_028980,80.3264616278552,52.0122216149983
Smp_028990,66.646002540307,75.5267318693246
Smp_029040,55.1093588405483,49.0649518174938
Smp_029060,107.949040330005,113.900781004896
Smp_029070,16.6881743534623,16.5267081196234
Smp_029100,127.293178645016,104.174697955371
Smp_029160,16.6811113895874,18.7438235578527
Smp_029210,39.4085450010014,42.7726506446315
Smp_029230,116.711740159174,94.1340302588216
Smp_029240,211.069264669921,192.369052363276
Smp_029310,63.0430280327768,47.8539450773032
Smp_029360,15.098696256584,24.3322861348518
Smp_029370,90.4211096630255,77.8043015074237
Smp_029390,84.6190072966166,80.2979427484338
Smp_029410,130.915394222396,120.85105081355
Smp_029470,31.5106057236522,31.7551516632938
Smp_029480,34.2840736717573,27.7386701566622
Smp_029500,141.319319781192,140.997907964709
Smp_029520,20.1970533016788,22.0706941410776
Smp_029670,20.8170239860324,17.8786917901751
Smp_029700,53.290039646653,39.7230034289158
Smp_029730,17.2487640767151,23.337384613798
Smp_029740,71.2487950791664,90.8671611424831
Smp_029750,164.947151651532,129.744851089871
Smp_029780,227.336059942486,198.253662937462
Smp_029790,332.880531828224,272.843955966013
Smp_029800,17.2620791106397,26.2423109177173
Smp_029820,1045.51518579872,1024.62436895065
Smp_029850,27.463796138477,17.7689979603079
Smp_029890,223.773449381357,173.639390703373
Smp_029900,335.499096698974,271.763976981261
Smp_029930,7.58283041210632,3.58197549675567
Smp_029940,76.0912983059692,86.3687399537502
Smp_029970,138.605100351127,89.6070350876846
Smp_029990,4.15377898577978,5.94969117544144
Smp_030000,97.69404650694,82.0299019619898
Smp_030010,109.913014219982,123.232866954316
Smp_030020,137.365619594533,118.830496838292
Smp_030030,46.1516376350579,42.7373836419659
Smp_030110,19.3117052663135,10.4404759400131
Smp_030150,19.153602382946,15.3607060097411
Smp_030180,135.112582005016,92.4560779145383
Smp_030220,120.442798064148,115.093994184745
Smp_030250,98.2640178473043,102.47293815234
Smp_030260,107.398854441276,93.8308385454861
Smp_030280,95.2659579049256,70.7957315126253
Smp_030290,279.748517807742,192.369052363276
Smp_030300,149.026383236723,138.869138063331
Smp_030320,77.6831944754069,64.1850405055146
Smp_030330,235.544283930036,176.70013053192
Smp_030370,2019.97585334054,1716.18535602722
Smp_030400,156.644740648399,155.831117446565
Smp_030440,578.10566893621,364.455346153529
Smp_030500,172.621609576452,162.02660570628
Smp_030650,7.63439166298925,6.89424775747063
Smp_030690,524.147675158448,408.71783323394
Smp_030710,51.760046290153,64.2545929206982
Smp_030730,1550.42980367979,1805.86012122319
Smp_030760,26.6013680870498,25.5855392625405
Smp_030780,42.4730366009239,54.4378612662873
Smp_030830,336.960882393921,350.818079330879
Smp_030860,33.7191149555705,40.6944326236699
Smp_030870,285.557763624345,229.936708320383
Smp_030910,86.9618249642352,47.3789360986687
Smp_030920,308.189988461091,233.758790535029
Smp_030930,27.9351711399504,27.8084374880224
Smp_031000,205.900992821455,239.034432863772
Smp_031010,66.4746514655696,52.2015306047549
Smp_031020,6.06797764101899,5.7336325541331
Smp_031040,111.717343006376,122.863891666991
Smp_031050,170.262462786906,182.059216158015
Smp_031070,46.4627325497944,48.4476847890674
Smp_031100,23.1196279346062,26.8039609994561
Smp_031180,0,0.294064566343802
Smp_031190,0.0586052541397561,0
Smp_031220,22.1709157477631,10.9520833533896
Smp_031250,41.6031455792111,25.657408754851
Smp_031270,42.4721943596856,34.120921320002
Smp_031300,9.72446810151294,10.9751633870758
Smp_031310,1784.75931346308,1696.55764124092
Smp_031350,65.8131771377484,41.1410331389567
Smp_031360,115.020722325694,116.635590397627
Smp_031400,35.4973228542053,34.8186769330549
Smp_031430,0.504177553996431,0
Smp_031530,0.424690101789786,1.14799980854938
Smp_031560,85.050875070321,90.8768422804698
Smp_031570,962.009897914742,828.987547676615
Smp_031590,247.690010512623,216.590628227253
Smp_031690,25.6314265069804,18.2525409560445
Smp_031710,144.118572220816,122.136220204274
Smp_031720,700.894576189705,612.346900172597
Smp_031730,83.5984839894661,82.0710054435465
Smp_031770,0.481179981357997,0.810769829701118
Smp_031860,73.3236801431454,74.9331322776802
Smp_031880,214.510282870892,228.835047864836
Smp_031920,286.416900370797,194.474699875368
Smp_031940,32.8428034445765,42.0052559938382
Smp_031950,122.969757332647,122.518771825748
Smp_031990,13.8361480314239,14.2958018303231
Smp_032000,64.628486246146,48.0381124097912
Smp_032060,393.437393829924,307.361765515821
Smp_032120,94.3844678794764,97.3570228000246
Smp_032150,53.9423727954713,42.9592060467512
Smp_032180,650.643903638735,501.048679517604
Smp_032230,229.967017244403,161.539468444862
Smp_032240,166.816272134282,126.633463773568
Smp_032250,89.5765517691223,76.4669611399074
Smp_032260,967.368342156105,929.979748908334
Smp_032280,25.537031178884,38.7155590410806
Smp_032310,131.359491064682,76.6995072089104
Smp_032320,445.855441494322,500.725524835806
Smp_032370,0.124217658231005,0.246237640094649
Smp_032420,116.811769999764,85.2530814786431
Smp_032470,8.70706632933519,17.1522104728787
Smp_032480,34.4700924720523,60.660407378425
Smp_032490,257.623139803579,234.057367863071
Smp_032500,153.671402757562,164.65719616725
Smp_032510,41.5279012944838,46.8621663692469
Smp_032520,277.785301840427,231.570757446782
Smp_032580,542.808032816541,475.125794771908
Smp_032640,19.8085758992375,28.4305979253282
Smp_032720,272.784288501486,222.408250165043
Smp_032760,565.881569743132,453.724510999546
Smp_032770,24.2237031690239,21.119098141278
Smp_032780,88.5334195605584,67.4474584445354
Smp_032790,245.053208403811,164.034561735052
Smp_032800,71.6747947959716,58.3545912779799
Smp_032810,356.83522441692,257.562902131273
Smp_032820,93.0219008621402,84.9585840451458
Smp_032920,204.635633978427,147.168620061173
Smp_032930,52.8292555346359,63.0956997734599
Smp_032950,1227.94928658139,1025.93282721621
Smp_033000,35.4268761274825,29.9030990130942
Smp_033010,0,1.30337293332291
Smp_033020,119.632611504402,91.2463186226176
Smp_033040,75.2228811558171,70.1164683067563
Smp_033050,109.047505384747,91.4411206769614
Smp_033110,100.810222896891,96.2114527950508
Smp_033130,36.0258915410783,38.2505000894091
Smp_033140,30.3420024830186,19.5596767380549
Smp_033150,58.8306589633705,39.9726740438618
Smp_033210,41.0817779342609,31.0514155112459
Smp_033250,0.0361646346748495,0.172054654850945
Smp_033260,74.3629230465737,74.9978944891528
Smp_033330,56.4992989793134,38.9985191037379
Smp_033350,13.8284987877062,16.1321193715205
Smp_033370,29.1113888721588,53.9400398465861
Smp_033400,513.736883766394,514.512871259494
Smp_033510,30.2688218002902,32.3276746087505
Smp_033530,511.743065767134,492.894301529391
Smp_033540,284.015185849126,250.137760874738
Smp_033550,124.724038349726,117.258128578966
Smp_033590,37.954170331136,31.6562595771184
Smp_033600,44.8756012754111,48.1656727424924
Smp_033610,240.769919090831,215.037436958964
Smp_033620,125.601466161952,97.1152047387871
Smp_033660,38.679467732239,40.8665728770358
Smp_033670,306.801505690606,270.732990754604
Smp_033680,110.365455153258,75.6748762379184
Smp_033700,36.595359537269,34.5916850177009
Smp_033710,174.613756696606,205.613145490349
Smp_033760,120.894698666781,129.497354073977
Smp_033770,43.1809742960634,33.7173773227277
Smp_033870,48.6865155795275,54.2947924795658
Smp_033930,7.5591620769326,4.8847391853776
Smp_033950,47.7688333658359,67.8328387011264
Smp_033970,143.214496759238,137.088233137951
Smp_033990,96.1909660594402,69.6333710611187
Smp_034000,62.482573633765,85.7820966256759
Smp_034080,7.9007061919114,10.1390364769007
Smp_034090,17.0711433832902,18.4997178081233
Smp_034100,147.677662166564,99.3645296359869
Smp_034120,53.827651900102,46.6209931912535
Smp_034190,162.494000918545,149.008319030649
Smp_034220,25.5600894674299,24.0154422125886
Smp_034270,13.7962124304344,18.9801333703052
Smp_034300,4.37436346689088,7.41399149084979
Smp_034310,6.29065571958849,0
Smp_034400,171.01463967628,136.566600656896
Smp_034410,65.4491450080199,52.4699077562033
Smp_034420,186.759998636978,223.589065531098
Smp_034430,145.875372289634,110.337638069706
Smp_034440,2.43101118812328,0.78365251344635
Smp_034450,40.5966967605253,44.0779446491713
Smp_034490,265.929120117657,223.972527604108
Smp_034500,52.6730012325733,49.9072766865079
Smp_034530,78.2696358165778,62.0944011553787
Smp_034550,12.4057555471507,10.9946747886528
Smp_034660,2.03764992105682,2.26295300606855
Smp_034670,55.9603064858171,62.2109927020665
Smp_034680,6.89415250420012,13.2116693953047
Smp_034700,152.774644081164,152.211946761536
Smp_034840,1972.81396042131,2071.44756147932
Smp_034850,1.43771921849305,0.131538558708625
Smp_034860,2.28186415054795,2.32841667661349
Smp_034870,158.678777760471,176.996974252531
Smp_034920,70.2043461979936,68.6630789819888
Smp_034940,71.1012381370966,68.861971496859
Smp_034980,73.883157447217,86.2637608971581
Smp_035000,34.6893227695322,32.4866033765723
Smp_035010,99.3359057668865,78.0370129998421
Smp_035020,42.8964979757736,39.9101967065407
Smp_035030,116.105185928179,144.900429044422
Smp_035040,7.09185921106091,5.39836732667077
Smp_035080,29.2257677201865,36.7661053439682
Smp_035090,37.8943206863597,53.5010044110316
Smp_035110,47.1847818059752,39.7260007976204
Smp_035120,0.861015548834087,0
Smp_035140,2.86619265423051,4.0864363603103
Smp_035150,92.255983055541,75.6180208069901
Smp_035160,13.477615918064,18.9479864052832
Smp_035180,153.255824062522,104.39853865975
Smp_035190,17.5462786223207,23.615460892779
Smp_035200,1558.95880272429,1765.9531415139
Smp_035210,9.35247523941446,7.28690994450773
Smp_035220,218.517681685645,170.681983118051
Smp_035250,1.67443583256446,0.597464515746137
Smp_035260,0.65228450669249,0.744784533327376
Smp_035270,1331.15707865523,1162.34911039878
Smp_035280,58.3122278690573,41.0986648619987
Smp_035290,1.47611983864511,4.07769531996739
Smp_035300,63.2527870843274,61.0705996757906
Smp_035310,196.279267137964,196.691580668759
Smp_035360,38.4056562989631,30.6260419599251
Smp_035370,183.019813284398,113.76769942709
Smp_035380,185.083206607235,138.762461480964
Smp_035390,41.8275369902258,54.4267842660433
Smp_035410,174.386118676413,169.645294338205
Smp_035430,120.720218427533,124.921198839165
Smp_035460,19.9884221345252,14.1734019485855
Smp_035470,129.456028760562,130.523919479788
Smp_035480,182.03932923057,177.060988524838
Smp_035500,561.93229322947,461.473056754949
Smp_035540,15.5011493994503,21.3158546936516
Smp_035550,0.14651313534939,0.69704193503716
Smp_035560,115.372095052517,108.21909023268
Smp_035580,94.9976654372222,117.912304298747
Smp_035620,94.343311426448,89.1626494782724
Smp_035700,73.7418661975143,68.0394816044224
Smp_035730,47.4737304730131,53.1873302604442
Smp_035790,1637.41163072184,1650.89496505596
Smp_035800,1402.5653060547,1333.11619655413
Smp_035930,9.7279878462562,9.21132276135884
Smp_036010,21.511575637181,23.3406542070531
Smp_036020,0.747033594145847,0.453707406950474
Smp_036060,71.607826509638,58.1236707159887
Smp_036090,32.1294687401486,42.9090814715522
Smp_036130,283.734502179525,271.115584893889
Smp_036180,12.6922746607115,14.8828775179994
Smp_036220,688.46879649789,511.203754747131
Smp_036250,61.1418552911586,76.6112454054479
Smp_036270,896.209033356788,913.754521162584
Smp_036370,149.10616523622,131.001820911596
Smp_036390,288.197493246341,211.594694124358
Smp_036400,433.476793550954,357.931033641582
Smp_036470,11.8625502058172,12.3002723213211
Smp_036500,54.0026992591644,55.2006644784585
Smp_036550,297.192482201174,210.187349081373
Smp_036570,56.7100358405591,63.7962009736833
Smp_036590,153.265479848101,167.017308869121
Smp_036630,33.9031395198489,31.4565067540341
Smp_036660,159.236077470539,138.821539201831
Smp_036670,0.0514775880957317,0
Smp_036720,0.0627913437211672,0
Smp_036760,4.37815722102883,8.24149582014525
Smp_036780,324.188098934471,145.297189562056
Smp_036920,77.4799096129316,36.6618478308994
Smp_036930,50.7458709506566,54.1612252533083
Smp_036940,378.615422288102,295.682158225654
Smp_036950,58.1853689347913,46.9100721768606
Smp_036980,7.94426778338916,7.66746128540876
Smp_036990,37.4064847529738,34.8349563764063
Smp_037120,271.891750924631,193.78491879382
Smp_037190,241.051587754138,200.091561049562
Smp_037200,82.2602145017321,91.5558005803998
Smp_037210,6.43960113940415,6.49950113830781
Smp_037230,27.591786917413,32.3676982596633
Smp_037290,110.958605216783,91.9009994834634
Smp_037380,52.4650218310225,43.645461812205
Smp_037400,38.306624604223,31.8844667224647
Smp_037460,82.626052029005,80.5586530088397
Smp_037530,153.491999557959,97.2661268983046
Smp_037540,172.186990910989,159.333347031903
Smp_037590,215.42035085023,245.820625703921
Smp_037640,128.538323380983,108.001222743476
Smp_037700,315.413477780167,277.178725467527
Smp_037720,3.39947565943585,0
Smp_037780,61.3814514879228,56.4431503396173
Smp_037860,44.9556815767408,48.6065172606727
Smp_037900,29.1734043045388,24.3704910082247
Smp_037910,149.834099750643,98.255577862395
Smp_037930,114.710753346941,105.200815332492
Smp_037960,47.1550306226022,51.0741636036319
Smp_038030,26.4673999101439,27.0150847254943
Smp_038080,116.733510822679,143.591766517226
Smp_038100,384.31696484042,400.86841314763
Smp_038140,14.3015451829199,14.2601483732964
Smp_038210,121.480975779445,111.252481509246
Smp_038240,41.5066783868404,50.5728437576655
Smp_038300,561.104690885295,456.21739718447
Smp_038330,23.6374525030349,25.0935096613378
Smp_038340,32.4659788558308,31.5712470985354
Smp_038410,9.75385535459762,16.1895758988089
Smp_038420,49.9762864966412,48.8917697568229
Smp_038430,5.11960160534631,6.08917589726674
Smp_038440,14.3276725792419,4.12503174988409
Smp_038510,1861.85949878785,1926.86743564596
Smp_038530,56.201476005379,77.8697463566667
Smp_038540,58.250683166434,58.1614849713217
Smp_038560,2470.96627311733,2147.01689011197
Smp_038630,27.6350412020832,33.1776119215528
Smp_038640,112.007814176414,88.5655054605789
Smp_038680,263.735060236852,233.717255568694
Smp_038700,55.5601118152784,58.9772725886697
Smp_038710,109.382520762273,93.0750138113191
Smp_038730,17.5635623318429,18.6522994030384
Smp_038820,14.7551709473386,18.0466215754769
Smp_038830,48.1405534474259,54.5391749045638
Smp_038840,78.0213574588622,60.9536514778883
Smp_038870,86.0678297805299,87.5487714257918
Smp_038930,64.4645041401486,73.2713188796461
Smp_038940,82.0684536871488,84.4536008491023
Smp_038950,478.43270376173,429.117226214386
Smp_038960,398.711078997474,357.971851412552
Smp_038970,48.9318987987118,30.5827148997554
Smp_038980,132.252118216502,137.671566750213
Smp_038990,20.0047914784902,22.6310722821798
Smp_039000,426.109983612893,312.953218488759
Smp_039080,148.32903638575,138.921482714575
Smp_039130,11.8606311650979,12.0344180140643
Smp_039160,18.6510786542695,30.3306318557416
Smp_039180,70.6624606462145,70.0014170128119
Smp_039300,1.05465240404396,1.04844324113027
Smp_039340,29.0190195007374,15.4855334174952
Smp_039390,46.6947627610028,40.0410633860917
Smp_039400,1253.67558838629,1125.46079317775
Smp_039490,123.518397361214,133.588999208425
Smp_039590,0.282173445858085,3.69174061890052
Smp_039600,2.62585677529101,2.5952969134636
Smp_039620,0.488899446299569,1.88984096825583
Smp_039640,59.0699824775174,70.1324878361295
Smp_039650,29.7128638488563,33.20150144969
Smp_039670,84.5424219196428,86.2189764481924
Smp_039740,228.661624105732,173.692980590941
Smp_039750,13.9291521669887,13.2916727542592
Smp_039810,15.7408997254109,17.1075723194034
Smp_039820,38.0181858251145,40.264495978134
Smp_039870,37.3385687147096,45.0571761417799
Smp_039970,261.016080887646,144.984722487729
Smp_039980,268.170246163875,216.28940548306
Smp_040020,144.405267684101,127.767786692311
Smp_040080,135.775815573071,113.181052640076
Smp_040100,50.6175238644341,40.8090105528183
Smp_040110,44.9748063220902,37.6346431860789
Smp_040130,2351.42186769688,1877.75352388622
Smp_040190,35.9009507725773,33.6447205429544
Smp_040270,194.645980456486,183.090548570675
Smp_040280,78.0319801799893,63.3317054382435
Smp_040350,21.0852200840117,30.1969869640828
Smp_040360,24.3730435247596,26.4629194806143
Smp_040440,1.32830746356842,1.41643391207952
Smp_040450,34.8905889415556,35.3855869479479
Smp_040460,46.2393069602805,60.5844827050785
Smp_040500,131.646990756439,127.370707747296
Smp_040510,77.9292596412873,82.5055272441476
Smp_040540,105.049236589069,95.5044712666263
Smp_040550,23.3583798642742,27.1846354664492
Smp_040560,24.4111284055234,23.5714877145794
Smp_040570,310.222053559184,279.906120958565
Smp_040610,5.20869146487016,17.38337233909
Smp_040680,5.14889018513571,8.51386934938246
Smp_040710,61.0524194815378,46.8996188452705
Smp_040720,22.329108500914,27.6546868001631
Smp_040770,39.7672167674087,33.0883694313852
Smp_040790,508.760700733383,407.007345955623
Smp_040800,72.6711795919612,91.1805138944584
Smp_040960,26.7046621956414,32.5561699658335
Smp_040970,80.2732948981138,111.218433553845
Smp_040990,148.850019858213,83.932562002662
Smp_041050,54.2627094602397,52.5974152283889
Smp_041060,26.206978349089,25.9175549997927
Smp_041100,15.2866248028765,17.088043127258
Smp_041190,62.0355546541863,77.0294972662378
Smp_041210,0.321916184711336,0
Smp_041280,0.0238083844942759,0.0566346572217693
Smp_041350,1.18732722672753,1.23566524847497
Smp_041370,26.1483737308708,31.0134573631322
Smp_041390,74.0454845573456,55.2539780042918
Smp_041430,378.929235319423,325.720358959338
Smp_041450,216.040081887471,206.483297329721
Smp_041460,194.653165535618,164.651262797706
Smp_041480,93.4593241189,112.043523232437
Smp_041490,42.9489042315845,38.4642304808864
Smp_041500,154.509980669339,134.637417546671
Smp_041520,30.8822431058775,40.2711925398329
Smp_041540,1694.46436844352,1597.06791305274
Smp_041550,13.2160828213123,5.17802580313319
Smp_041570,9.23139696595573,11.3765384433802
Smp_041600,47.6470499227258,54.3152474124962
Smp_041630,20.6835340294022,33.8038110292435
Smp_041650,682.051395046371,619.170050153479
Smp_041680,72.9944948832954,82.3196707786843
Smp_041730,366.221350893722,292.346243704766
Smp_041740,849.106410693437,820.020047861573
Smp_041750,32.8092179951207,35.484369303551
Smp_041760,71.0402556130188,74.9587292297765
Smp_041770,219.858417399618,327.574857370713
Smp_041820,18.9758361252982,24.2132915898839
Smp_041830,602.697582695881,454.498676622073
Smp_041880,5.4974462155879,1.34734344877445
Smp_041890,79.0929259735615,60.721694340866
Smp_041970,0.852837653526301,2.43444496714471
Smp_041980,1114.86728458529,935.08175585235
Smp_042020,5.87127867161593,2.51894328634071
Smp_042030,59.3596151589517,49.9882759610327
Smp_042050,45.4958474004154,42.7158864425502
Smp_042060,24.8677238493021,19.5485019084579
Smp_042080,79.7387839602883,50.1446316374368
Smp_042090,1110.87737794833,911.620539346226
Smp_042110,271.015898438054,186.278136810255
Smp_042120,0.886657077717861,0
Smp_042140,169.828404738871,165.812751651078
Smp_042150,0.387390662957709,3.1485029777526
Smp_042160,1013.63114785084,930.044043685491
Smp_042170,132.980649393483,81.7598506074269
Smp_042210,48.7735935602982,42.8616645084507
Smp_042230,40.7850457252841,44.9685960934527
Smp_042270,285.967001450128,280.242541609258
Smp_042280,121.952206114456,118.909017372476
Smp_042300,226.88710183488,169.272899770551
Smp_042340,5.27664343754618,2.66252808272219
Smp_042390,43.6560101287509,40.2082369765264
Smp_042400,254.273546398867,180.172081257255
Smp_042420,62.1244478387377,51.0846833470701
Smp_042430,103.128705480367,85.1164090310397
Smp_042440,20.769192456224,15.9955971005484
Smp_042530,126.975558427097,136.44339361448
Smp_042550,90.2971206415932,95.1773991732449
Smp_042560,64.0184322376492,76.4408088194513
Smp_042590,238.93956658835,216.754786653983
Smp_042630,19.7722964561987,12.7293134327024
Smp_042650,21.8449906416112,24.2693930571786
Smp_042670,43.2361967582353,53.0550629515303
Smp_042680,119.261692174404,99.3782644524408
Smp_042690,287.25256788353,249.108588579901
Smp_042700,56.8101798200423,43.559632420649
Smp_042720,0.600211373805275,0.513995208399251
Smp_042740,309.769066436958,291.393656394788
Smp_042770,8.14735591058871,8.43705653972973
Smp_042780,66.1924289767739,56.7077341988296
Smp_042790,57.1881396961666,31.6963711846204
Smp_042810,30.1791069793518,33.4383071508042
Smp_042910,25.7205147998736,17.0702475970784
Smp_042920,50.6642422038191,43.3255127746535
Smp_042980,56.8596804658388,61.9159258706704
Smp_042990,26.4364138209665,29.0662677938173
Smp_043010,13.0783932262834,17.5552005600776
Smp_043030,311.818201027863,281.138447982117
Smp_043040,42.5929197616185,30.8305748113613
Smp_043070,31.2521487892209,40.3410479662468
Smp_043100,675.698371523063,594.416531061402
Smp_043110,3.63909161878988,2.50584628601348
Smp_043120,267.174437475144,218.068054067821
Smp_043130,51.1415045320722,40.7769531996739
Smp_043150,794.80636659162,833.770955018146
Smp_043170,95.440849080183,92.2798169915522
Smp_043200,40.3314991416917,28.0597947571196
Smp_043210,75.6905429302529,80.3573995566343
Smp_043220,38.3498131777029,56.0683106495516
Smp_043350,46.6198231938424,49.2479292207874
Smp_043360,1.48141059075494,0
Smp_043390,17.0672994576802,19.8470465831151
Smp_043420,1.76862284814621,3.03399949402335
Smp_043430,894.418737367422,717.988045185027
Smp_043500,52.6213885863282,43.6549184340046
Smp_043570,8.74958130164639,9.45090842388275
Smp_043580,29.1391861220779,25.1809870356552
Smp_043600,126.439663701441,102.97539914691
Smp_043610,41.4044607452949,50.4389621907612
Smp_043620,43.776706973346,36.7211809728246
Smp_043670,50.0513105608988,46.5341003097364
Smp_043780,59.036016261198,54.118721297263
Smp_043820,1.73590246439277,1.37643723880756
Smp_043910,9.79544962050208,8.06577096257285
Smp_043920,63.3276719940563,45.470433079931
Smp_043930,52.5916553007886,53.7606596911123
Smp_043940,284.378363156091,232.136566906683
Smp_043970,225.141451011117,167.508604195928
Smp_043990,160.421277699125,164.055266581708
Smp_044000,603.534640086335,454.013505982101
Smp_044010,169.535746765134,152.138573926269
Smp_044020,22.3465193571751,15.8865624461574
Smp_044060,0.307586582286297,0.0281414445822456
Smp_044160,72.2989457384939,58.8533345149932
Smp_044250,46.8642423941823,37.5177598467481
Smp_044260,70.9003972531579,46.7409293479255
Smp_044280,134.313710308431,112.177562015167
Smp_044400,76.6744260961256,49.0773285620964
Smp_044440,146.829174154437,153.820915080445
Smp_044470,52.9075210983909,56.6346572217693
Smp_044520,63.8255171522548,53.8255782235695
Smp_044530,125.061400815215,86.9395417276066
Smp_044550,499.949172250422,712.355198112821
Smp_044560,405.153544303434,256.107881499706
Smp_044580,1559.55066273521,1217.96079884928
Smp_044610,3.53229849951439,3.5834292205774
Smp_044680,803.596919200168,799.953206326046
Smp_044690,70.7018607893307,78.6719909305944
Smp_044750,19.7269471524,27.5082620791451
Smp_044770,173.052943295537,136.311529267481
Smp_044800,54.8958595657165,42.8316058802776
Smp_044810,97.8429086164762,109.788765524233
Smp_044820,85.0878660104339,88.8210861775074
Smp_044850,47.7104413209883,41.2968779217098
Smp_044870,19.4784329675836,14.4984722487729
Smp_044920,62.246848735759,81.6852331407316
Smp_044950,58.7379620860604,58.0875341425952
Smp_044970,188.200758847917,196.213995969598
Smp_045010,13.7627822624975,8.25769840781926
Smp_045040,145.404199586802,129.571913741326
Smp_045060,104.963921205199,97.0668777253106
Smp_045070,45.5443132028837,34.2136154361592
Smp_045200,11.3083593786425,7.4010525877244
Smp_045220,9.07099449231912,14.5267895773838
Smp_045230,44.6599429935686,32.4790935070112
Smp_045250,91.8228484774585,80.9849256570267
Smp_045260,83.8577856876945,70.7826357428301
Smp_045300,3.05901667441605,2.88321891310825
Smp_045330,0.259727830846646,0
Smp_045360,28.6538172734367,37.4231484169645
Smp_045400,68.1021108810734,82.1564027527708
Smp_045410,17.3932022107633,22.367577808246
Smp_045420,7.29187625905115,12.6448639502116
Smp_045430,54.3679782154435,52.8889194966067
Smp_045480,21.5691959290663,34.3805683840388
Smp_045490,3.84135279235376,5.68250258174727
Smp_045500,24.049084645207,34.1052661071753
Smp_045510,1925.43376386587,1480.36770388999
Smp_045550,6.04186544215395,2.22824880872535
Smp_045560,121.474393561879,101.532975838545
Smp_045590,50.7019307012688,63.9605793578967
Smp_045600,15.1540106820459,13.2948928375304
Smp_045610,377.807080512151,398.166999070779
Smp_045620,107.204069376083,89.801876293193
Smp_045650,426.311960983709,281.222279958023
Smp_045710,75.6720545007256,82.0437196509955
Smp_045730,76.6996263554057,53.8464894816206
Smp_045750,89.4439750837983,87.1440663021562
Smp_045760,35.6205714589614,38.9108892396888
Smp_045780,86.9000585898165,71.6629291930195
Smp_045790,81.862442040157,78.7587120267895
Smp_045810,32.9113379892044,31.7562258151614
Smp_045860,46.8928535338181,73.0775163738313
Smp_045920,69.2101711950456,56.1255816512365
Smp_045930,128.789355181977,149.18235002299
Smp_045940,58.4043944834853,56.1088517273893
Smp_045950,1043.95004330501,1007.19074403194
Smp_045960,91.1390442137886,85.4672416392397
Smp_045980,51.4585396352104,48.4602383655602
Smp_045990,4.6614310694056,0.178846285963482
Smp_046000,0.284515134205455,0
Smp_046020,184.520786753686,123.698379370962
Smp_046030,448.839805074697,317.351070553984
Smp_046060,128.049984580637,136.515628055087
Smp_046090,720.426016960858,717.032101959833
Smp_046100,568.952365457496,487.165927644781
Smp_046120,2.94165817307053,7.90368105228247
Smp_046130,54.3140270688581,61.4490407568501
Smp_046140,30.6267335650796,32.3758382489267
Smp_046160,222.165534397985,182.756810972632
Smp_046190,75.2702970838581,79.3055530900925
Smp_046250,187.327719124409,148.422645398478
Smp_046280,50.2301544493188,68.9976955734361
Smp_046290,141.739249022589,145.362286869208
Smp_046360,1.74566627339913,1.20713301360787
Smp_046410,484.41837731208,382.839985608756
Smp_046430,11.7851503246666,11.6554124562401
Smp_046450,317.258736791246,250.148526356409
Smp_046500,395.843832692787,334.351529043443
Smp_046550,78.9572605773804,66.6229513136086
Smp_046600,876.653767097454,944.323570473791
Smp_046630,203.465962993556,73.4265411568011
Smp_046640,0.103891132338658,0
Smp_046650,0.144050729713266,0
Smp_046680,59.7456091977351,52.2215006364522
Smp_046690,1796.57568164659,1457.31107654484
Smp_046740,122.954529272607,127.516683633786
Smp_046750,74.5564322115149,51.1071146769246
Smp_046780,73.9128128208608,78.7630883096362
Smp_046790,12.6102339942096,18.8031657080308
Smp_046800,15.0368744174374,5.82527902852484
Smp_046810,13.137126444163,17.9612770046182
Smp_046870,107.202991785799,86.2456708960953
Smp_046880,37.7169980446869,33.524135436886
Smp_046890,18.9103117354024,28.1232354122218
Smp_046900,55.3398175477909,51.2970347329231
Smp_046910,161.712691584346,118.969318654246
Smp_046930,233.673028446977,256.005683622013
Smp_046980,96.817620589,66.0326458855005
Smp_047020,8.06034582298964,10.7031294227807
Smp_047060,77.7719255104293,51.5413390555162
Smp_047090,68.9144511179768,66.9024470245731
Smp_047100,58.0924581660332,42.2494542874399
Smp_047110,108.227903619506,116.138306947536
Smp_047180,48.9162172637534,53.7341158986357
Smp_047190,15.0201327514194,19.1473586533884
Smp_047200,884.828406136409,856.510193160769
Smp_047240,6.19712118848091,3.36835862193613
Smp_047320,207.949232568575,125.243499113284
Smp_047330,55.4942388147013,51.2297410216917
Smp_047360,229.270074369192,242.973784316139
Smp_047370,520.008532631469,520.084999581805
Smp_047400,201.29922586043,157.41270760321
Smp_047410,33.1709543967002,26.9198500560618
Smp_047420,13.0605994940028,13.4258811895525
Smp_047440,60.2452162934148,46.2595687559325
Smp_047450,53.8093417595253,49.5197505356173
Smp_047460,1.66658691459931,1.62352684035739
Smp_047500,48.4010451836574,43.8228507309287
Smp_047540,7.61176953268901,7.32653061119367
Smp_047550,251.002856112685,169.996227215533
Smp_047570,38.0584671035104,38.5947003525965
Smp_047610,63.0052994108838,59.6431861027564
Smp_047620,144.227368096515,146.559824865864
Smp_047640,25.548859498685,19.6073089140194
Smp_047650,285.568498040475,247.725883311314
Smp_047660,300.644953736949,191.935475683447
Smp_047680,100.606250871072,67.4901788025431
Smp_047700,165.03626935239,183.510780142384
Smp_047720,9.26461237112927,13.6518809134754
Smp_047740,354.569498763174,305.26506067024
Smp_047860,46.6393721514184,47.185611780032
Smp_047870,43.7330988544611,42.4345529232378
Smp_047900,7.78147541077872,15.2574734669245
Smp_048030,2.75848868623335,7.73356008959332
Smp_048040,0.466449981928671,1.5256683169946
Smp_048050,0.528186008948642,0.742437523243362
Smp_048080,11.3255310634654,11.1542338348884
Smp_048160,42.086006746758,63.0128205952127
Smp_048230,66.2939136007778,78.7813440756552
Smp_048240,26.6406546496989,30.2149573853283
Smp_048260,180.411136493876,118.787838388939
Smp_048270,51.6038797785265,23.8016586084022
Smp_048310,26.7228178926707,19.6712940058728
Smp_048380,0.495214397480939,1.81230903109662
Smp_048420,36.2544227333525,38.7459172165483
Smp_048430,185.252284559134,185.912953569799
Smp_048520,34.7236130778055,25.3113352660369
Smp_048540,22.4255413400878,17.1300442665297
Smp_048550,46.8484074889638,44.4839489450988
Smp_048560,344.57715034288,323.429920902949
Smp_048620,34.2356498388876,35.219077516385
Smp_048650,281.515703530063,187.612272937467
Smp_048660,133.49419255171,97.2016477897917
Smp_048680,13.1926459962399,29.2834492340795
Smp_048690,804.124244508656,653.601450734728
Smp_048760,71.9350440969261,51.4428795795697
Smp_048830,1080.36935314404,957.614553562867
Smp_048870,57.3145964436248,35.0702549147322
Smp_048880,86.1573677490249,62.6428556400787
Smp_048930,24.1382177233673,18.2335969592038
Smp_048940,112.839320737045,82.0266826683295
Smp_048970,66.8802308834846,57.298366037637
Smp_048980,19.1224615460843,23.2974385389551
Smp_048990,27.1271289995386,22.9009959384027
Smp_049000,68.4044220633247,63.5995841213634
Smp_049010,22.8903160547065,34.3374143635435
Smp_049140,30.4521916703117,32.3320220636467
Smp_049150,125.792713660988,118.17951132582
Smp_049160,13.03308418608,13.4068687753877
Smp_049170,86.7842466377816,84.0066554639898
Smp_049230,0.830525040497996,0.237075309300429
Smp_049240,74.398772117623,40.9618826926429
Smp_049250,194.822233571548,138.641640878891
Smp_049270,17.8746025126256,20.3884765998369
Smp_049280,9.08781475030654,11.9222718683916
Smp_049300,2.06026358215255,0.727476160369769
Smp_049330,37.7910864988506,43.0543256593852
Smp_049380,25.5313118607319,35.1913060904734
Smp_049390,34.793603429087,27.5309365551938
Smp_049450,20.4501492077149,30.3527696749452
Smp_049500,47.3114005787339,48.3487606325843
Smp_049510,61.7605132357968,74.519150788834
Smp_049520,164.830207530771,147.06887787349
Smp_049550,1149.08874966506,1111.0306062093
Smp_049580,1.74084933670063,2.19730732267673
Smp_049600,90.2743541514376,80.1863015350192
Smp_049610,71.5394337284002,45.2352334161715
Smp_049630,94.4565081150019,111.601268817902
Smp_049680,218.371649973522,182.923119373637
Smp_049730,85.8877382332488,103.651021810282
Smp_049740,46.5313114589203,79.4103150722442
Smp_049760,30.0845307166594,35.2599689212716
Smp_049850,4.82788203220825,5.30609194933368
Smp_049880,84.2789497463148,73.9650789077577
Smp_049890,17.2062392210317,14.3177504212338
Smp_049910,129.547372129479,146.506778900564
Smp_049920,15.8762746222589,14.022454370352
Smp_049930,32.9396001944335,37.8380736897875
Smp_049970,110.278374157169,89.846692308788
Smp_049990,55.6871310925543,51.2624554510186
Smp_050080,160.118760002389,163.649099788072
Smp_050110,78.6789229642613,69.6976790931082
Smp_050130,147.306188100364,142.19975218765
Smp_050160,19.1376029462015,14.9780854847681
Smp_050220,2.11630084393564,0.503419175304616
Smp_050250,65.1698858444755,59.8453126095933
Smp_050270,0.0470289076430141,1.06277381453197
Smp_050280,1249.37110749084,896.87195709635
Smp_050310,18.3664680384414,42.1119129770441
Smp_050350,77.9449880058756,74.1768792535378
Smp_050360,217.967591459288,185.535137058516
Smp_050380,4.57249603838294,4.90302513618288
Smp_050390,1108.61129282224,912.204754539317
Smp_050430,21.3894987475935,25.0454087045616
Smp_050470,26.8851603366131,26.8506362059106
Smp_050520,29.0566010524992,15.1265001308361
Smp_050540,23.8926619615123,21.7717655726872
Smp_050570,195.187346966985,163.304802910771
Smp_050590,202.635201149453,207.22459264139
Smp_050630,51.1776751911739,51.9315182959615
Smp_050640,15.864369494074,21.6970537729114
Smp_050700,88.9036685578117,73.6371817238936
Smp_050730,24.7627311420084,25.1321524296476
Smp_050740,47.9648505031293,45.549615073147
Smp_050750,10.9827768472296,1.41218885539996
Smp_050760,161.640616574215,95.2769194953918
Smp_050820,81.7199521412464,88.8056736815989
Smp_050830,39.2065814032493,40.7253694511607
Smp_050880,79.084734359391,70.7134075937085
Smp_050890,28.7018310683195,34.7074276710012
Smp_050920,190.931629797998,154.944134160143
Smp_050940,1192.68167893093,1018.59777753292
Smp_051000,14.9476823106268,15.2289085883024
Smp_051010,172.322580823833,114.55104615961
Smp_051060,20.8120122018256,7.9564786731071
Smp_051070,9.27630445233043,12.7961150208182
Smp_051080,151.922316981484,105.710869195363
Smp_051090,40.9504213301545,44.2458259545072
Smp_051110,105.936489006576,84.5658404425055
Smp_051120,22.2383180573561,18.8578101884378
Smp_051210,232.851310774352,302.062733863259
Smp_051220,303.985453222915,202.323095450297
Smp_051230,195.898298687749,240.714605096474
Smp_051260,1062.63046806206,1045.71973699112
Smp_051280,26.0464137921129,33.6812229396327
Smp_051290,233.399909707559,218.42484738306
Smp_051300,120.474566129644,149.791281222377
Smp_051320,126.235093956884,139.923753118975
Smp_051360,68.309488351478,83.8752281521412
Smp_051390,66.9720545282559,58.4317793056779
Smp_051410,170.833312302763,131.547568198948
Smp_051420,106.874100902374,89.3126113715317
Smp_051500,16.4277853010504,16.504957247487
Smp_051510,29.5521100396427,42.8183166244416
Smp_051530,100.042394793856,128.590807766066
Smp_051550,70.8352453326051,49.6367230581725
Smp_051580,6.54614998910576,6.99410524136801
Smp_051640,13.0484160989524,9.8392150755432
Smp_051660,32.0823441699013,25.4388331887874
Smp_051760,6.79390817715557,14.5150989371316
Smp_051810,54.6148289702401,46.1731542473211
Smp_051920,72.9250817059671,47.0634001512903
Smp_051930,67.519372937944,62.928990011733
Smp_051990,9.99952148759588,17.4226090242759
Smp_052060,107.515380461047,103.817185445147
Smp_052140,31.4344883276112,29.5147470778592
Smp_052150,58.1590069034148,44.67450936896
Smp_052160,114.406621831451,99.0113381799348
Smp_052230,0.520582463562475,0.0294844202456066
Smp_052250,14.0538813325434,15.1319006479912
Smp_052280,254.123177654692,233.680557239885
Smp_052290,3.32314924625367,2.89730983260841
Smp_052330,24.72650423166,26.0180293536176
Smp_052350,20.1026018331199,26.7499131508877
Smp_052390,44.7009767146849,37.1131803127347
Smp_052420,19.0722736458844,16.8459597856967
Smp_052460,6.83881784528492,5.77941068971756
Smp_052470,11.7568885732885,12.712239606613
Smp_052500,439.468765786484,254.855957497962
Smp_052560,690.016241370655,530.10039159576
Smp_052630,25.133932387741,22.2711962858579
Smp_052640,96.1679047648035,72.706076931494
Smp_052710,70.0963134180309,53.8160952111975
Smp_052730,113.016845872728,72.7257301831704
Smp_052740,28.7626685485904,29.2463915271069
Smp_052750,58.2618920679556,54.6194362899517
Smp_052760,111.963754108216,48.6751918824936
Smp_052780,74.7790302550648,50.0354884672327
Smp_052790,37.6445917841375,36.3493566311284
Smp_052800,62.8178939722121,54.5416893396624
Smp_052810,86.4470276119168,79.9334110978197
Smp_052850,34.2840736717573,23.3617961039798
Smp_052870,95.7388587908597,84.6399173132686
Smp_052880,0,0.121359979760934
Smp_052890,25.8822855826275,28.3212752768931
Smp_052910,1305.8608548958,1103.38125599036
Smp_052990,0.110415696205338,0.393980224151438
Smp_053020,18.5498369624967,16.2516842462468
Smp_053030,108.33868413236,82.6064088786903
Smp_053040,108.455281599167,112.895415735667
Smp_053060,137.019978915454,134.470563223352
Smp_053100,16.9609589819785,24.4326697282083
Smp_053120,15.5000792845493,6.40557502370356
Smp_053130,1349.83787250342,1172.21458234243
Smp_053140,31.4516968957141,25.7199460555414
Smp_053160,30.9890368428927,30.6682500799988
Smp_053190,3.5500669654292,6.19126514550022
Smp_053220,244.177566504638,209.741263028119
Smp_053230,378.735974507238,340.298158068535
Smp_053300,1.20873336663247,0.52278145127787
Smp_053390,2711.18894135663,2218.8151745861
Smp_053420,5.06575591485225,7.44000549608085
Smp_053430,184.246064984192,137.976692961007
Smp_053460,19.1534492141691,25.5897400406593
Smp_053470,27.2376860730758,30.332777914833
Smp_053510,101.44269236969,86.60911375364
Smp_053520,7.57194265143106,6.17074547397928
Smp_053550,87.5377427624356,83.0947359399562
Smp_053560,40.2534608008249,32.2342954064461
Smp_053610,167.420559763748,174.222821009574
Smp_053640,25.4381132404113,33.9239227107468
Smp_053700,460.783810673832,350.96061429121
Smp_053780,136.379015951308,106.118336037705
Smp_053790,67.0444107358809,57.9938889950917
Smp_053800,57.7048798138008,46.6643233806345
Smp_053820,181.095775704528,161.622937752209
Smp_053830,930.749111162892,901.268388258587
Smp_053900,16.3257493675035,10.381941735282
Smp_053940,805.639566651622,812.786189515862
Smp_053950,797.512856602545,694.567436167778
Smp_053990,111.663652865678,106.051997656295
Smp_054010,15.3875268416117,11.7593288272918
Smp_054070,47.6581748746288,34.7195072533455
Smp_054120,215.337259665009,144.099399110469
Smp_054160,5856.10790472488,5032.10683778239
Smp_054170,6.06564380346475,7.94627805942363
Smp_054200,327.141071913192,259.573679429639
Smp_054220,210.143426775923,159.850149870898
Smp_054230,161.805064938202,76.6794200398465
Smp_054240,872.472868976202,687.803072196448
Smp_054300,0.549702447057712,0.0344109309701889
Smp_054310,21.8712283268063,28.941631654586
Smp_054320,24.8911767753854,28.045792583109
Smp_054330,202.932861323968,165.546301694357
Smp_054340,326.570328873349,319.713838960406
Smp_054350,0.253956101272276,0.2617779711584
Smp_054360,161.52015457122,117.315512414035
Smp_054410,243.933214534246,186.428642209
Smp_054430,0,0
Smp_054450,35.6504679122983,38.7085570228788
Smp_054470,647.805734902538,535.407868043972
Smp_054540,398.949449345238,373.37164488125
Smp_054560,733.615687550288,548.0976271129
Smp_054600,164.815179853219,138.167780260669
Smp_054610,33.8545890887233,43.1978071750358
Smp_054620,61.8657653734503,36.7727298674536
Smp_054640,46.7510095523963,45.5245091543408
Smp_054680,5.24016735795965,9.87929435244131
Smp_054730,64.0570850182834,100.243343282532
Smp_054740,55.6234405147749,87.9305492865395
Smp_054750,97.1111281097327,119.174349793676
Smp_054770,119.765697360005,97.3837287440416
Smp_054780,1182.27632036566,1013.31352202003
Smp_054790,44.1398420551145,62.4903008279559
Smp_054800,74.4514636896556,76.1924921823536
Smp_054810,96.8834438579808,91.899651425592
Smp_054820,16.7966511520168,18.9975342231072
Smp_054840,237.737541168297,228.862856378256
Smp_055050,1113.90183163831,973.81654900268
Smp_055090,50.1189835157933,35.1356971469957
Smp_055100,6.42973044904962,6.25190795121625
Smp_055130,15.8381682622324,10.5819386379467
Smp_055140,29.2943728087316,22.0157259059272
Smp_055190,34.6219991290954,36.4654115531134
Smp_055200,113.427407918998,100.015114066862
Smp_055210,687.021797302972,583.211114590397
Smp_055220,1.0332186586009,0.148956906665475
Smp_055240,0.0851249501471317,0
Smp_055310,80.1912845151591,82.7473782003138
Smp_055340,85.7469302390628,86.1210999785181
Smp_055390,34.7950828999271,31.9916746647848
Smp_055400,103.886856983418,71.8770711407146
Smp_055420,76.387322040582,49.361574925921
Smp_055440,1.06033217541517,0.595539694496955
Smp_055450,36.6935969217804,44.2978547811718
Smp_055500,10.7418698736907,14.4084196261097
Smp_055600,54.7838290631173,56.4011122435352
Smp_055630,0.106803967824789,0
Smp_055640,16.4852538153469,11.8737488244261
Smp_055650,13.0173524758107,14.3124405270378
Smp_055670,107.647909891976,74.2723076136917
Smp_055720,60.1388767494662,66.7477212610612
Smp_055740,313.983378617695,250.280889657589
Smp_055760,143.087206313857,169.644748358621
Smp_055770,13.9865375178313,27.1846354664492
Smp_055780,0.403901075828048,0.480393766039124
Smp_055800,149.774345373873,142.045431370068
Smp_055810,3.80934151908414,7.03462058123029
Smp_055850,15.3784527992656,22.6538628887077
Smp_055870,76.2208423595318,68.5077085750473
Smp_055880,186.531805789864,145.302999900215
Smp_055890,330.97557460895,290.080857415895
Smp_055900,248.251856536007,240.374911297565
Smp_055920,70.7013785942017,58.4922739786433
Smp_055960,137.333329593189,114.128598897938
Smp_055990,36.3181014618069,45.9337575855811
Smp_056060,0.0221473344132799,0
Smp_056200,110.194726793307,113.224006717761
Smp_056240,47.652204723613,41.1878837357946
Smp_056260,111.481545680952,118.225424855109
Smp_056280,741.483337567554,649.122181546323
Smp_056290,7.08034291565563,8.82491494404958
Smp_056350,163.972252851323,109.211906164964
Smp_056360,1030.35222976267,1192.69924440957
Smp_056370,42.910799730296,29.8349481163816
Smp_056390,64.6981650766592,65.5421167686027
Smp_056440,230.080732943949,174.330827440808
Smp_056460,0.0595209612356897,0
Smp_056500,191.465492078161,179.769363568455
Smp_056560,0.518070446595444,0.0362461806219323
Smp_056620,38.2917576282823,31.2852274931648
Smp_056640,161.502780962468,177.022143046797
Smp_056680,8.1199121854162,8.76346801221061
Smp_056700,0.157507229732422,0.104075939764354
Smp_056760,493.889409126475,440.582456379637
Smp_056770,3.3810723542167,2.57369329859874
Smp_056780,585.977789797892,441.611629210073
Smp_056810,151.675766133915,150.968109174365
Smp_056850,40.8771647624799,31.1345397649932
Smp_056860,133.258929212247,126.426758915953
Smp_056890,92.2677413286778,77.8990301020132
Smp_056900,61.8457799568955,53.9123863032103
Smp_056930,31.4024911355469,48.6034974428371
Smp_056940,16.882309005032,26.5668028422118
Smp_056970,1766.05118143168,1630.43660266621
Smp_056990,50.3081515835569,36.0122548638424
Smp_057020,26.7934357266675,33.3525779672403
Smp_057060,108.991242471647,113.56886965529
Smp_057090,197.437858693023,178.20419847781
Smp_057120,23.0718573035689,33.3682649931523
Smp_057130,35.5648005617942,34.2737322152431
Smp_057140,59.6015434601319,64.546083184441
Smp_057210,87.3371450345179,96.5110648403102
Smp_057230,26.8534053437584,25.6970642123839
Smp_057320,27.0186763389879,34.2731022413029
Smp_057360,9.92433711550869,12.66827858908
Smp_057410,34.1156015652622,35.6339140573727
Smp_057430,31.5926400214056,29.4304684827897
Smp_057530,38.8274411313959,45.8195073974925
Smp_057580,22.0139841471284,24.3230948910335
Smp_057590,36.5780202069722,37.1060352717227
Smp_057600,34.9697551451924,40.1992796960118
Smp_057620,26.4259035439806,30.3891111599403
Smp_057630,133.004624270176,119.821508632888
Smp_057650,62.8879457884305,70.012500513444
Smp_057710,0.0879078812096341,0
Smp_057720,180.770570269266,177.75927217347
Smp_057860,0.43953940604817,0.34852096751858
Smp_057930,50.0231578993879,50.0153089923371
Smp_057950,144.194780442979,145.117980504722
Smp_058050,23.0914088879952,23.1256023676259
Smp_058130,51.1805225873511,34.8570898889285
Smp_058140,79.7590759555958,86.4606767013832
Smp_058150,126.295691952813,112.358925561095
Smp_058160,11.7666326922821,6.04103010365539
Smp_058170,190.273848485848,226.653539785788
Smp_058190,465.388063884705,302.465219345453
Smp_058240,106.059064641031,94.5914356536652
Smp_058270,30.4806564785193,20.9275187494438
Smp_058320,683.3224775403,635.440854028251
